seg_id,time_to_failure
seg_37608b,7.333508149168459
seg_827804,4.36230281144731
seg_c20c06,4.679720979357325
seg_85c1c0,4.587446821600385
seg_afa4a1,9.447776354690479
seg_05f9d6,7.624459400036777
seg_b35174,2.6962029556756737
seg_ca9e39,5.340684970145066
seg_263deb,4.780579886999579
seg_db4185,6.818385199268724
seg_d0f803,5.287035051339083
seg_c901c0,5.665202798921289
seg_e0cfd4,5.431065923300442
seg_a35c82,8.813339903109181
seg_82d7b6,4.616657231248777
seg_d320f5,5.019048905194272
seg_073696,10.624223855517355
seg_8c1cca,5.086277570551459
seg_0e1fbe,5.440077795136589
seg_58ea74,10.422742195913685
seg_e405fe,4.455717915669315
seg_dcf242,7.1972785346649495
seg_cff594,4.0576170557070625
seg_7540f3,6.339627529343389
seg_5e8ef4,8.871108071058421
seg_4185b3,6.798111826709167
seg_e197b8,6.762469882809953
seg_724df9,1.8811108771477965
seg_715e2c,8.714470583606678
seg_8bf229,8.6279304360973
seg_6c909f,4.51496918677912
seg_563059,8.048021018292596
seg_d5f344,6.010277224066672
seg_1a0e94,10.853583940714048
seg_d42c77,8.36802832119209
seg_3065ba,7.393704855526323
seg_bbf805,5.89831099137488
seg_b36c8a,4.397870313003342
seg_6b9511,8.407708021602529
seg_8d4965,7.527233546957638
seg_c550b1,10.620031102441551
seg_3f5be6,4.5532674594602405
seg_fea3e2,10.24412775339468
seg_25c8dc,7.806331477527862
seg_e256bd,4.031658352643071
seg_ce46ba,4.169811309529717
seg_67aa76,6.623147601317716
seg_06d7ba,4.439082617665039
seg_419531,10.116817838906769
seg_9a92db,5.454681861701833
seg_876904,8.014583457263699
seg_89885a,4.826154561393516
seg_00cc91,4.9148166364905626
seg_a1acb2,6.725825908842288
seg_f7d792,3.731486144740646
seg_158691,5.645206049081385
seg_4f76a2,5.85288961405799
seg_dcb51d,4.576253451567017
seg_264c7d,8.956763935052757
seg_df8e0a,8.749916234358622
seg_89eed6,4.618533044162241
seg_259d65,4.488939663622612
seg_091c9d,11.183852155199242
seg_75c34b,5.53224300656088
seg_ee4ae5,4.36375556855254
seg_5c1a4d,4.81174635763756
seg_bcc8f1,7.722609189556522
seg_a14212,6.835971588521218
seg_f59974,10.191361207699504
seg_d247da,7.078850731584215
seg_b9365c,4.375176341939453
seg_0cdcc8,3.9945022557131438
seg_ddd206,8.386683481121466
seg_2f9581,6.042843120716572
seg_6e7f73,11.312919306022701
seg_81c432,5.241493563462561
seg_70be4d,11.29140973543307
seg_efbf3e,8.422122602431203
seg_ba0485,10.681720777593993
seg_7eb108,10.281682256664466
seg_8dcf3c,10.42144414465396
seg_f97274,5.025764343200643
seg_07cd72,6.103013557297771
seg_e6e1df,4.144837665146155
seg_2774c4,9.699288529275757
seg_832a4d,4.739732907928551
seg_be0dfa,8.567510217702425
seg_d3f6b0,4.740173809841008
seg_e2209b,6.574715538279254
seg_60dacd,11.465657070946689
seg_931244,11.172870165412613
seg_dcd9df,3.875607355094792
seg_8773cf,4.618325684260353
seg_1969c8,9.03665512205034
seg_2465ce,6.954807907112863
seg_6c292b,6.534232088828115
seg_4d2671,8.295264951965722
seg_bd629b,5.632190262700721
seg_a436bc,10.76437418921787
seg_c747ad,11.48963802174328
seg_abb06a,7.971439099618656
seg_de225c,11.200610380806054
seg_bf4ec0,7.4627976443768445
seg_5254ce,9.148297983880505
seg_4f5931,11.318007907285036
seg_112b81,6.659811335831956
seg_32c904,10.935737826071461
seg_c3836b,5.366957626982262
seg_6dac5d,10.78573222668229
seg_0c74cf,3.7377018865160245
seg_4280d9,10.413547652530442
seg_b2e045,5.931341623468633
seg_3631ec,4.69706712978537
seg_5f0a92,5.192346308640574
seg_4c18e2,4.274753025304179
seg_f43730,7.516980866087088
seg_fbe3c2,6.734887214142781
seg_71348a,4.3797408059040395
seg_9fe8b9,7.853127839531862
seg_7d2535,4.142167655076119
seg_bb6904,4.121033959584945
seg_986976,6.655347492960395
seg_a8685e,7.961465885328143
seg_3c64fb,7.888189481237505
seg_211299,7.511023738454264
seg_2aa101,4.152545257245536
seg_9fc7c2,4.158806859849484
seg_07c815,5.1378785511321245
seg_ff7478,7.524149479741311
seg_857304,5.830676993759046
seg_151368,8.713437197861886
seg_17e596,8.405311456476491
seg_a6959c,9.174567264196043
seg_7bf143,4.23061242688184
seg_a8e71a,4.753477000030604
seg_8e6a3f,7.797402172980362
seg_e5fbc1,3.4029835756029168
seg_7fd6b7,9.796375803840684
seg_5ef47e,7.029980112377095
seg_a1b3cc,6.527873324477006
seg_b1b95e,4.979005945314291
seg_3128e6,5.439018991843536
seg_0fca83,4.054748744768818
seg_9d2528,6.784913948905952
seg_b3883e,7.39376846346699
seg_39a886,6.864462828355248
seg_138807,6.116522880372844
seg_8866f0,3.8071291733521364
seg_ed07b0,5.129829466656269
seg_c714d0,9.958174044473937
seg_37f3fb,4.776008575733001
seg_94ecad,10.261223212075892
seg_2597af,5.913001501807956
seg_d702b2,9.112855910780803
seg_514b85,11.316860837628676
seg_49336f,5.005158195201094
seg_9a6025,6.702667060060272
seg_fa34c7,9.935002618786777
seg_f19f8e,9.953729915146658
seg_b9de03,5.694315431401197
seg_11647f,4.292352724198246
seg_8e5704,10.209361198525157
seg_b08e9d,10.834927442873974
seg_b253ee,4.295177422380978
seg_08b136,8.126578376300825
seg_0c1d3a,4.016550105536287
seg_854d91,11.529045856507864
seg_9c8bc8,6.338181906167319
seg_31a6cd,4.621962354301551
seg_89f975,4.54682763850708
seg_1fe311,11.070274479410726
seg_92a5f1,7.29996091851828
seg_59d484,7.114300396817625
seg_730ebe,4.78994342808321
seg_05f126,10.295273246653638
seg_26cba3,5.900392664794828
seg_c7a579,8.07637892967354
seg_b42170,4.850151951853868
seg_9bee43,4.349171701887932
seg_49fdf0,11.017783439344518
seg_b91ae2,4.9976931284199955
seg_7f93b2,4.38588872147757
seg_0b9ba3,10.73023887770664
seg_d19980,8.434732401164936
seg_f0d278,4.164442248391853
seg_f6a217,4.31612617677031
seg_5165a4,8.249174548632638
seg_585872,9.351215182908847
seg_b3cf21,5.804090983108709
seg_6f17de,4.586149460272193
seg_98be13,6.639557894412872
seg_efc5fb,11.131302281677783
seg_dceeca,5.950481071209405
seg_cf646e,6.502356792204509
seg_fd8add,7.1836819173507935
seg_d5d3a1,5.88888032859585
seg_6a05e7,5.240508079030607
seg_70b375,8.169560265037736
seg_4adeda,10.220076471124067
seg_d21eb6,8.37279843081878
seg_c5abaa,8.172518369061054
seg_afadfb,7.4502549605083574
seg_f83d28,4.5207464934067225
seg_08f441,4.978149875392766
seg_25aa9f,10.621983200392814
seg_31a51f,4.274752516695684
seg_a9f80e,8.68192200590038
seg_27f532,10.273531446287246
seg_e20d76,5.629826135624764
seg_71b4e0,6.254679757617361
seg_47d374,4.532251957629847
seg_59cd7d,4.543332963455794
seg_3c8545,4.1439607947419566
seg_c6f0a2,4.50337347899
seg_83f476,6.913638004807674
seg_a16a1b,4.34440553881067
seg_a2d47d,5.965586761645489
seg_d1abaa,11.143823157793634
seg_421da1,8.609108604003595
seg_a8e6df,5.950072305222149
seg_00a37e,4.4188392009133075
seg_ef27c8,3.788857783340871
seg_8ab3a7,4.547659664365091
seg_76c2fa,5.35394713190609
seg_bd2b0c,5.55288533780661
seg_946d71,10.796513346742424
seg_398a25,6.762927512655048
seg_397dc9,8.8522332592649
seg_c58ca5,7.629580731772024
seg_6dd0fc,6.180815932216231
seg_864fcf,4.633472834235729
seg_bf7224,4.9344157314279045
seg_355d19,10.700797566990843
seg_20d9de,11.178879675313686
seg_d9352b,7.501153033009145
seg_3cfb73,10.61245826964056
seg_2e64af,4.8603993561857814
seg_0c247b,7.4596813582969785
seg_bd00c4,5.701860995788707
seg_83ef67,10.79439168757589
seg_79dc90,9.349240526157873
seg_fcd32e,8.180257051851136
seg_31d763,6.937734856712114
seg_b9ec4b,4.385461243449772
seg_afca81,4.633947595070148
seg_635770,8.086433782708271
seg_1d044c,6.473414361525337
seg_121cba,4.273556951439023
seg_bd6f5f,11.06691155919635
seg_fb9b2e,8.441458988980763
seg_b88baa,7.684685118417055
seg_15adff,4.691144486919449
seg_f5d2dd,10.131305956580059
seg_bff392,4.49428133194233
seg_e24f69,6.7373463512967104
seg_2a0dc0,9.489850812694423
seg_fb9491,6.3611799750337426
seg_1ac9e2,5.706988544168699
seg_ee4479,4.475010354377601
seg_b51380,11.376361999664892
seg_eb0b19,9.701658816380215
seg_9122aa,4.481575780628051
seg_070bb0,3.8494876337989847
seg_1e0b82,9.688555920708689
seg_2dcd84,8.358198426169794
seg_f01368,6.047579240266557
seg_f2f5a3,3.941627175770931
seg_739856,11.373220101289006
seg_0f74a3,7.798567961891824
seg_4e9646,7.742644778659258
seg_18f853,5.520719989538915
seg_ae42b3,10.434768731649077
seg_e8a2c4,6.841971604840037
seg_1a0eca,6.2748531928109825
seg_6074f9,5.833305915096815
seg_5cd98b,4.219318619701518
seg_20a990,4.315649912534568
seg_5bc0b0,9.929112893534016
seg_0dae4b,4.755417836345283
seg_ce7537,4.423454638559407
seg_d795ab,8.352062889852883
seg_1dec9c,10.77523920450421
seg_0445d7,6.897829566533304
seg_ad591c,8.63807940080755
seg_cdadb5,9.408206311804745
seg_5a1adb,7.053776035262253
seg_8515fd,6.5460342222392685
seg_ce5832,5.220298640499473
seg_45e4ed,4.702954849115933
seg_b20487,10.838469456751234
seg_57b6c0,5.824821484689218
seg_d29a4b,5.7572904570456425
seg_adf986,7.298523621509588
seg_64be5d,10.632778666731737
seg_f6c0cb,4.994695334678524
seg_634f05,4.052857187769907
seg_70fb30,10.929274059757844
seg_74d8cc,7.161405405437996
seg_813aab,4.192437062629743
seg_66e45a,6.5978806987428555
seg_32906d,4.065903912725506
seg_f342a3,5.6769908092257895
seg_bcfad6,6.775392299869499
seg_e481c7,7.771901155786502
seg_dd8805,7.483687697243712
seg_293dbf,4.230179579503314
seg_bcf2d9,7.231345568009668
seg_1562cb,10.32147557380509
seg_ae3d92,6.2896879788718785
seg_a9089b,4.1133081536926195
seg_25ab3f,5.639487713294083
seg_b9619c,7.915681234792892
seg_5d92af,7.566837327181955
seg_21faa9,10.77399805029801
seg_a12acb,3.921802497159176
seg_0a45a1,4.032513024320507
seg_939f5c,7.8587456152055175
seg_41a267,10.900739806015482
seg_2005a7,6.294958199094107
seg_5c9077,7.915233657228858
seg_b25dde,3.439750696407881
seg_af959f,9.570708512536099
seg_241266,4.845588508212072
seg_683ddf,5.305506342969266
seg_208ba5,4.519176999496987
seg_6de935,11.103278162162978
seg_2d7cc4,4.8001216810915786
seg_b9d8a0,8.643763847459354
seg_7d88e3,11.03318237639885
seg_aed434,7.3075167646483274
seg_263fb3,3.9131815810083084
seg_ea78c0,8.27012519449578
seg_18f633,4.4717326987998876
seg_9485c0,5.8540626644007565
seg_2d5544,5.072069561521868
seg_f229bf,6.803482408308806
seg_89e207,6.720842918827105
seg_b8745c,11.010803097332774
seg_9d7490,7.25774286802416
seg_170684,10.513980115970089
seg_4d53c2,10.547062823871626
seg_8a8220,8.67951416079417
seg_a82229,8.514941122628024
seg_1f9aed,7.038529156575957
seg_3e55d5,4.384722263172185
seg_c9f80a,4.477939053275193
seg_30da11,4.543765216430335
seg_634180,4.395783588653139
seg_804fb5,7.413651553235934
seg_e53a52,5.61652659632547
seg_a05c22,4.743494648863817
seg_bce23c,7.159475905100609
seg_89b090,3.666776561499271
seg_691a72,8.768150553805796
seg_318135,3.562499047365733
seg_a5d37f,4.586087475251392
seg_92310f,5.999561366275202
seg_f0574b,5.483225575441462
seg_70991d,4.473630541153018
seg_15bf25,8.680490894535525
seg_df8385,4.588669298963388
seg_ab15ad,7.678071967516067
seg_9ddc99,7.384843103405923
seg_004f1f,6.278207408206389
seg_e40d64,8.663405588664807
seg_b853c1,9.040814240232658
seg_69a53e,6.732243373092718
seg_e14149,7.858343688192092
seg_b1a35c,9.007817604448674
seg_5c530f,4.65064846830306
seg_d88da7,9.334625049220378
seg_946d9a,5.0362316966749985
seg_e49750,7.056861270544488
seg_a5fbcc,5.248289925052741
seg_967ae4,8.865545406143022
seg_8456d3,4.242679650517379
seg_f6bae8,6.507118880891284
seg_e30ef5,4.736169125368534
seg_f734c8,11.10102716462192
seg_2977cd,5.30552573108525
seg_77e7bf,5.007859038833957
seg_3cbccf,5.293644414497276
seg_f48363,4.887196014174289
seg_c2a0c8,4.992443844894771
seg_d11ca8,8.971298663649856
seg_6df48e,9.272037966239958
seg_0d663a,9.883974916844759
seg_d4ea17,8.455777833619189
seg_ff4236,6.812606633490444
seg_00648a,4.7650507673848
seg_ce5520,4.652430390571559
seg_f6cfd4,9.713948152014085
seg_9a7d1d,3.8997817344179104
seg_e8d02f,4.3921746880121395
seg_a25c46,4.492169263047553
seg_f639cd,11.408049149725073
seg_a1edc1,4.837900848365855
seg_cc7a19,4.649959011107202
seg_389906,8.915441210532009
seg_74d58a,10.283765223946348
seg_d71352,10.890424940314896
seg_0aa0fb,7.611694455195752
seg_7c9433,6.24404346273088
seg_f931de,5.8806691481377795
seg_6be48e,4.921976218103474
seg_83f89e,9.68177328538473
seg_1a791c,6.537084348683584
seg_8fb29e,11.303336731279572
seg_257b8a,8.029685985324171
seg_cbfb19,7.4047798434135546
seg_f71db8,7.7526540512740425
seg_eb32bc,4.1620011045833545
seg_9aa6e2,4.125074828661794
seg_75e669,4.146728921632277
seg_9c635d,10.919198777297028
seg_1c4e72,6.0583309862314225
seg_3f3689,4.176909351084143
seg_8a8375,7.94026654635545
seg_4e3bd7,4.242140331588119
seg_85e9c6,9.846417315802793
seg_0b9ad8,8.94671350214657
seg_78fc4b,8.13596700406958
seg_2f1664,8.028947081912706
seg_007a37,5.773419160442816
seg_d07c62,4.671836228257409
seg_8777bd,11.007215273872959
seg_9a74d8,7.158732770545664
seg_3b95dc,4.598540472128303
seg_383f2e,8.60350382353038
seg_e85f55,4.031140418274412
seg_4d0c45,7.70355843315829
seg_2dcd3a,5.503733436829106
seg_5a242e,7.523374548548773
seg_6e98aa,4.649067789644282
seg_fb00b3,9.658331080131804
seg_bf4bf2,4.057519520877041
seg_184222,6.658073323349818
seg_061a33,8.771984801907676
seg_bcf6af,8.610522548765767
seg_7c2beb,8.972944163754137
seg_229eda,7.497935512434487
seg_979a8f,4.184568015552217
seg_4e0c4a,10.649434793873278
seg_cbcce9,6.2024255914728
seg_db606c,7.399725932545405
seg_b47c19,6.055663852564959
seg_9ae1a1,11.017752152183297
seg_30ad2a,4.339253626998485
seg_ecdca4,5.973977577171588
seg_dc188b,6.512128863004754
seg_6ac82a,4.680892164415433
seg_04a696,9.155968147612635
seg_b0a794,4.2271555840447235
seg_c87c24,5.159606334415763
seg_ff79d9,5.146483638822961
seg_18d1d0,4.465040329797259
seg_30fd84,10.735455906797325
seg_3fc7ca,10.41658221616544
seg_a0a423,4.226014801116342
seg_fc8fd6,4.0468363318635125
seg_87a616,4.366162723519267
seg_fb4c26,5.936007904396246
seg_d30a9d,4.105902389360495
seg_8f4781,4.57828642933595
seg_3bb90a,6.208192739221484
seg_f34877,7.9314578871334165
seg_6d35cd,3.8542685668934893
seg_06893f,4.059275501027476
seg_753ba6,4.088476339726699
seg_da7c3b,10.089847448656014
seg_3878d0,4.6877035283556845
seg_c21723,6.031072643966508
seg_5b7325,5.229384572337691
seg_d78e7d,3.933795231961098
seg_55d50b,4.770655610281868
seg_a99799,4.6097725094912
seg_f02d32,6.983824975391877
seg_b8b72f,6.303012755656494
seg_aa78e0,7.12054071853473
seg_b44c2e,8.581879988088717
seg_7862ed,4.132296783611231
seg_4d7c56,5.041792033600275
seg_92b095,4.224472859809477
seg_1b2298,9.146198637599946
seg_e64dfa,7.033603401793975
seg_c6b514,4.289793904783799
seg_2efd5c,9.832091940511061
seg_490d6e,7.204083302536574
seg_d516e3,7.6898623780867466
seg_943de0,11.002863203655343
seg_d6b198,6.17105030972811
seg_e067ab,9.634352466119589
seg_0bc877,3.8981817658751194
seg_a7e49b,8.214914884967564
seg_8dd3ba,5.024885842591148
seg_20b8d0,7.27677973105596
seg_180481,7.358394644999997
seg_376908,3.8272257823805282
seg_c70fde,7.361865576546497
seg_3e87b4,3.442784500614133
seg_a7b454,5.29885999275355
seg_715ff6,9.160666587908253
seg_ffbd6a,3.4415868048388636
seg_2f60db,10.650254075812997
seg_44d3ca,5.135675811058353
seg_966f3d,4.050566419983569
seg_76f76d,7.67890169213939
seg_8324a4,7.794520509305933
seg_66820a,5.864073069802008
seg_3b2013,4.093903472145151
seg_9c8162,7.085328156131207
seg_a975df,5.217909730842855
seg_be19e2,8.239700881193427
seg_075f77,5.1516542529408325
seg_bce305,6.600086208841691
seg_dbc615,4.695631045503423
seg_4a9e6b,8.001861196526434
seg_f073e2,6.500703242286021
seg_35269b,11.373133682526829
seg_cdf88e,4.1895207532397185
seg_8d6578,4.510612046582957
seg_6e1ee7,9.817235737812142
seg_c62a06,4.734237692211262
seg_a39f3b,8.62690419759568
seg_cc096e,11.10802651288177
seg_3fdae0,7.55739788759076
seg_586c0f,5.954124473864511
seg_a0646a,4.059995895544978
seg_e86e44,5.100018891946181
seg_a49ccc,5.488980418983943
seg_5e668a,10.863320458448984
seg_060ce4,4.662973308622369
seg_2f5695,5.003119199263947
seg_c60f1d,4.153397445379999
seg_e1468f,11.482387978255746
seg_d0c280,3.779631815576561
seg_cd699e,4.4319212508620565
seg_62331a,5.001697978287454
seg_de3d5e,4.54933828247628
seg_dcfb4b,9.969199650638132
seg_94a133,6.504275414971741
seg_64be91,10.58907415700466
seg_845a2a,11.386832774558002
seg_78db0a,11.01788551568395
seg_6951e0,3.827603227182554
seg_c65135,4.351979265789446
seg_dc6e94,4.991943165452012
seg_8d3a9d,7.350542611155272
seg_9825e0,7.047579613811879
seg_922914,7.633598990962792
seg_e05de2,4.291887757241722
seg_c7b424,10.932855839832506
seg_e7d1f8,4.697224902374599
seg_e217fc,7.406684203584014
seg_92be9f,7.517925365825275
seg_a437cb,4.696146425010202
seg_87f6c8,9.898512173180753
seg_e30e44,4.329941964271705
seg_3ec967,5.84476730750536
seg_c94941,2.280584184075219
seg_c1fe9a,4.290114136794894
seg_5c0929,4.49605610894267
seg_c243a6,3.2709645033543624
seg_407b2b,7.522686957877386
seg_2cdbe3,4.945903095355274
seg_2cadc0,7.083602656863445
seg_622e9d,4.55540548619772
seg_91607c,4.60997465247686
seg_b66b87,5.090028530246559
seg_dd4594,6.528929215889229
seg_34ef79,5.05653314063079
seg_486973,4.249179521119058
seg_76f3f2,8.979739618910939
seg_8cf573,6.140221520461967
seg_2d427f,3.8357965361667943
seg_89d8a0,5.497615937337993
seg_065588,4.4396960825170595
seg_ccdc28,4.254131541228745
seg_ddddf0,4.569332237105854
seg_63c518,4.2527584275605035
seg_5e70a7,9.68482621657907
seg_aa9b8e,7.897454452560152
seg_5975f4,4.597379976644672
seg_5445bc,4.657799865334801
seg_c5fc3b,11.313296265584837
seg_914a62,4.299172353319377
seg_be30ce,7.136235123980459
seg_af6204,6.4500559320489375
seg_0ba585,4.921978788814463
seg_7df3dd,6.452149410442924
seg_aec276,11.027824882782584
seg_ab2a78,4.681372900999537
seg_00c35b,9.772838295790052
seg_48feba,5.193942633250187
seg_a6eed3,4.086471864254361
seg_7bec10,10.256900481734483
seg_13c2f0,5.536284264170316
seg_b89e47,4.317355206251944
seg_e80726,6.635517131239507
seg_8be76c,2.895858467595037
seg_1b1ad8,7.321923255743396
seg_4743ab,10.264474242848829
seg_ade769,7.787862383158401
seg_7630c5,10.639073907369408
seg_561cf4,3.9195860018847988
seg_1fa983,4.095333121316088
seg_1db8e8,10.781364054254986
seg_1010ad,8.809828288486857
seg_d146a6,4.403934247726453
seg_ba1d68,5.286402822734331
seg_4b8044,5.776437031234404
seg_bd7109,6.912947558313795
seg_21eebb,5.7325408064021
seg_f2b0c5,4.185813440847503
seg_7189ca,8.270332027284413
seg_a61e1c,5.723188858224027
seg_cc4932,10.619744941019741
seg_7b5f90,7.76955818323787
seg_e09301,4.25873248864786
seg_b0bf65,4.484351858557059
seg_3234ca,4.712303523199356
seg_73ab4a,4.7694191612423
seg_f6c928,9.59882691823866
seg_9c00d7,11.079738311020142
seg_6e572a,4.718432083955531
seg_bf1430,6.982828518616251
seg_4d0041,8.754210786671905
seg_d2cb02,6.917689290871295
seg_9e8ca4,9.151861863354616
seg_db3446,8.95027356258503
seg_52636c,4.680447220010168
seg_e24496,9.57116285463799
seg_6eb146,9.616887683391836
seg_518b1e,3.9982137722928646
seg_63c983,4.7773418884398415
seg_4c65e6,9.804795087700098
seg_f8dd7e,6.34858430837723
seg_bfdd14,3.4171916347052496
seg_0b082e,10.740427800428959
seg_b917b5,8.686547250882052
seg_ff1a62,10.4346334320762
seg_1a8f0d,4.960321517490123
seg_9bab11,10.529751523043378
seg_1d596d,6.085111214578482
seg_476bdb,4.345912745437693
seg_f24292,6.289247131456809
seg_24458d,5.605451969414797
seg_62a403,10.687203538604741
seg_552b8e,10.723813335835503
seg_b13fb9,6.8373466669872345
seg_093a0a,8.86858995580608
seg_2dc6ff,3.048290153410999
seg_caa919,7.157655870796622
seg_36147d,3.903022901322897
seg_1c401b,9.097797300789372
seg_35c587,6.36932702885424
seg_42648c,4.8938341852002525
seg_5255c0,9.55770608524592
seg_075340,4.489827523190944
seg_581fac,4.35382949064325
seg_f11620,6.1638628853918895
seg_78852d,6.423336795909235
seg_fb76ca,7.2724641210212075
seg_5f352e,4.7413819213859965
seg_440106,11.145883460097613
seg_31d7bf,3.717764572281349
seg_23c947,3.626046887016667
seg_0e9bb3,6.350633229281121
seg_c07b7c,5.8003269391038685
seg_e2c82c,5.085095837953076
seg_a420d4,5.731702204050279
seg_e9e65b,7.155083598064411
seg_de9e32,10.848688588967732
seg_cd2b53,3.552005944029601
seg_64dcf0,7.744843564792279
seg_75211e,7.8637558604599205
seg_5e541f,4.104272869505298
seg_2d92f0,10.955742834583097
seg_3fb24b,6.36860802550516
seg_c01a57,4.001004927830402
seg_93f935,4.957507010515111
seg_0cf651,4.487983043253583
seg_73858d,10.900059031319358
seg_0d540e,4.590862264207943
seg_fd374e,7.810069946991352
seg_77dbe7,6.175004093229968
seg_db90c0,5.135681921542874
seg_30b043,4.159131353027369
seg_1827c5,10.008825601071488
seg_72c307,8.097310833798439
seg_a0979e,8.511196643451646
seg_8d4435,6.156381796359708
seg_d83890,4.706707620744318
seg_136285,6.9151131063913995
seg_6b536d,6.032398485538425
seg_35ee83,5.081639814879179
seg_91596c,8.072556312695033
seg_45b051,3.4075433110091495
seg_423ebe,6.103143246590187
seg_d2551a,10.84624235965353
seg_670bde,4.88793309564453
seg_6edcb8,7.483696379920243
seg_b291c0,4.913990889697061
seg_e60719,10.912996375476354
seg_2eddf6,9.37782509299773
seg_63c13d,6.777766771299832
seg_c6f533,4.718347405248154
seg_bca500,6.669951298186955
seg_61219c,4.71015274110161
seg_490092,10.4048514694128
seg_9e7dff,5.180266615681412
seg_b695b3,4.819562405456369
seg_4c3a2b,8.857807731272153
seg_421a96,6.476672511126497
seg_ec973c,11.235057610237794
seg_8bc20c,3.9991425233983207
seg_8344ee,5.220063762549476
seg_e59dca,8.58103630986696
seg_827a21,5.290846299910357
seg_d4dec8,7.591627810028142
seg_5bd9ae,6.581570833702204
seg_d1cb37,9.83034008045646
seg_bb171f,9.047174188450052
seg_5ed47e,10.96750737853853
seg_6b4e04,10.66456443945453
seg_dc4698,4.083649237331983
seg_40b3aa,4.128487838396296
seg_3f3983,7.401212608254451
seg_1ef708,4.563899927702736
seg_ea05c1,8.480488665620262
seg_702e03,4.442272594465577
seg_4dfa03,4.32449628593442
seg_de98fa,4.467827822712554
seg_a7561c,4.106126994823446
seg_c747b4,5.270471304925503
seg_90b174,3.72392229420338
seg_7949da,4.121190685057324
seg_77df38,8.2345468510657
seg_a80f6f,6.657320715418906
seg_545fda,9.484701579789176
seg_c23641,4.730386267182529
seg_8785e2,6.525474973944866
seg_99f76c,4.905999730727598
seg_502fab,10.411689857518402
seg_53a5fd,6.8893045111668565
seg_166f70,9.975010625221548
seg_e3005e,4.246771513498364
seg_fa9f00,5.855750181489953
seg_523945,4.826096260762919
seg_f2cb5e,4.987288806440208
seg_077b7e,7.228140076469312
seg_c6f9c2,3.8755423785277334
seg_b8bb87,10.275236466973299
seg_a5934a,10.733307780118603
seg_9b44d2,10.148116596783735
seg_ebec3e,4.566839545084934
seg_0a0fbb,11.155567702592258
seg_a80123,5.741115999297228
seg_c472cf,8.385813462926722
seg_20cc25,3.2878758046278906
seg_0620e6,8.130651589640378
seg_5cfdc4,6.955991524409385
seg_8681aa,8.812688161754739
seg_934087,5.417138967136391
seg_12ee6e,7.022260910738878
seg_6681ee,4.191384835518548
seg_6a4ad1,9.660655631694283
seg_1e572b,8.90398398275486
seg_82316b,5.700855524170056
seg_6f2222,5.416470095439514
seg_6f9a98,7.126690744801152
seg_74dda9,7.567572133175403
seg_a704ee,7.870869401156026
seg_8dfc7e,4.511579887168151
seg_cf5764,8.735942908143441
seg_41ab7e,8.18983892788093
seg_e7ac12,5.806666775463911
seg_b80b89,6.754378836722477
seg_620ee4,4.993661758338193
seg_aae025,10.194972697303507
seg_19b9dd,7.800905691244214
seg_64f8dc,6.799657653502344
seg_566efe,11.097368450213475
seg_de8180,4.44093714698642
seg_8509db,6.320219693690106
seg_9d1dbe,11.066487203936788
seg_739fb0,4.711241466610731
seg_7ddc30,11.646674413187531
seg_010eab,7.556376420681521
seg_10f3a6,4.389425961843602
seg_533613,10.342505177313749
seg_cec2f2,7.125125550224041
seg_1e677e,6.9187185061983145
seg_758ca4,4.559208036577135
seg_8c0114,4.4085072017814655
seg_355717,4.454804074625786
seg_b7eeb6,7.316990286351062
seg_f69c38,5.192562771787482
seg_d2f588,12.136509700980971
seg_830cff,5.718175496138138
seg_0d434c,10.7882918676182
seg_7428e7,7.6149967327819015
seg_c3507f,7.255737198678202
seg_495573,11.471534259626251
seg_41f45e,8.244389405732571
seg_1c929e,4.406772179756996
seg_abaad2,9.330124284300823
seg_78d817,6.873738499441161
seg_ed7dee,6.697549505908779
seg_f2a20d,5.936313141455912
seg_0d762e,7.774875141315797
seg_750c93,3.721357274492739
seg_aa508a,4.510247928049853
seg_259c63,6.148346049252969
seg_ad82ca,7.061943500331203
seg_09ed4e,10.419573771044274
seg_f2750c,6.49672619076339
seg_7020c5,7.91159376705084
seg_3e00cd,11.168570319761761
seg_d36681,10.706345172762902
seg_c365de,4.110265831762839
seg_a86231,6.288695127689216
seg_6de4fd,10.069367126496688
seg_1815fe,10.44821979248765
seg_19515c,7.097928776831232
seg_ef9105,11.101583068628385
seg_4ce234,7.824525188071173
seg_37669c,4.774812472362503
seg_f0cedb,9.222936858553352
seg_f70b66,7.557579452027042
seg_24f338,4.4006923031276415
seg_46b84d,7.868550942702249
seg_c20a27,6.509439995681653
seg_23323e,5.076880087244724
seg_d41daa,8.525639655178878
seg_1084af,6.238394410934009
seg_c42952,6.832863795810721
seg_f579ba,4.656725846191322
seg_d6dad6,7.612162856669524
seg_f6f683,6.300927850092331
seg_74537f,7.597765454623243
seg_530a02,10.556646228378808
seg_bee792,7.267406827879353
seg_8dd2ab,4.612448473207432
seg_d35e50,6.531191471936379
seg_2fe382,5.332033528175535
seg_dcee28,6.610697805179562
seg_836ef0,3.6008901877221553
seg_a39fa8,11.547167358211624
seg_35dd45,11.084160661005283
seg_20cbac,4.496342012411644
seg_8244bf,6.760032183182709
seg_d753f8,4.187870706070296
seg_a18246,7.750220430883322
seg_e50f16,11.283267859235673
seg_e52f8c,6.581618123224562
seg_8c6d4e,5.357475362774324
seg_284223,8.516309701980605
seg_b87cf5,10.680219737930296
seg_361f5a,10.63153869308528
seg_3edf51,5.033539636878523
seg_c80857,1.8007156176959906
seg_71f571,5.747099339355543
seg_72ebda,5.818658787107857
seg_4d18f4,4.016759913256724
seg_2a6343,8.483716504379432
seg_d7ab50,5.645898456767308
seg_fa796b,4.279185936909397
seg_117ff4,5.250137531890922
seg_268249,9.178056689703514
seg_7cb417,5.3795514041276045
seg_478327,7.243379964239104
seg_288001,6.359851138072152
seg_1a8f2c,8.834148423659487
seg_19b08e,4.971265043771493
seg_64bcb9,11.00371235251135
seg_cb806c,5.740438635090591
seg_003339,11.605756490724843
seg_3a1600,5.062385768296724
seg_ea098b,9.480441592695653
seg_29a073,5.948830776641636
seg_91fc29,6.667765480774587
seg_b0f9cd,9.246730913526287
seg_b91011,8.568795282560743
seg_ad3a44,4.230497813935831
seg_89791c,5.190222970968437
seg_c4af54,4.848494794620571
seg_970b35,4.678172299587469
seg_97e4a9,10.45619792138414
seg_c08d36,6.542643087583787
seg_a4ad7c,10.636205990115874
seg_54b0ee,8.986069706051174
seg_b378bc,3.73372949524289
seg_f0181d,4.510270837980814
seg_be62ef,7.5602234343139285
seg_35ba8f,11.927851812264864
seg_31c0f4,10.105981477700537
seg_9a1a4f,6.3815912610740755
seg_610379,5.9078424338368185
seg_07f37c,4.678776633161356
seg_3340b9,6.759716521479333
seg_6b2ce0,7.198076738934964
seg_660fe1,4.429297629498551
seg_524b39,6.352393066213394
seg_ae3388,8.17174443103409
seg_f1a771,4.139426342918682
seg_82c138,7.429847668770633
seg_a2c108,10.6433616777076
seg_6d6fad,4.5388018150384495
seg_1baf33,5.639134327432664
seg_da8b88,6.714475926491133
seg_98f624,10.58220785815834
seg_3aca44,3.9187742591299
seg_652cc2,5.565369710408054
seg_8a41bf,5.026172991663992
seg_d91492,8.700202903839978
seg_e86ed1,10.272455791945987
seg_9c6715,4.310236822130483
seg_759fb1,6.0123788843607615
seg_0870ab,5.7614221276269895
seg_c179f8,7.924906578265343
seg_a39ebc,5.085064086584048
seg_7e9eb7,11.37090869187446
seg_983778,10.388926779187534
seg_75654d,4.746788441143194
seg_53498a,4.481401819449485
seg_f6828d,4.241782870765181
seg_b4402d,11.346074982345842
seg_d668c0,7.990012851403087
seg_4a6096,4.443487025184702
seg_115a92,4.676646501662936
seg_19e1ff,7.654834839768135
seg_e37b8e,8.203417947847765
seg_4e2c66,4.078570911092799
seg_75a878,6.940801472737117
seg_500c80,7.508774283274313
seg_d36342,8.62952670553717
seg_23efb0,5.919496710671056
seg_bb5e15,4.670926779902636
seg_81a8ea,9.865479877777895
seg_57908c,4.356061906134276
seg_304581,6.681978349406617
seg_13468a,5.003955650079727
seg_d6ea73,5.033760196786897
seg_75e93c,4.545030336342278
seg_521a88,9.115800933424358
seg_c01d9a,10.605939837064497
seg_7a521c,5.402182647613615
seg_90c258,11.507692660355623
seg_24ba8d,5.6314901309171885
seg_8c1e7d,4.010934790213507
seg_3f2086,10.501778294278553
seg_14f5f0,9.547677441055908
seg_2be983,10.862964211707697
seg_911066,4.875101567373757
seg_e00465,10.794555298716134
seg_83f928,9.965206421730636
seg_29475f,5.670431106927925
seg_38ee24,8.034610367740566
seg_8b39c4,9.45721869974598
seg_529c99,5.19022685984471
seg_1c4c5b,7.341385502212049
seg_6968c8,5.395243380814871
seg_31b808,7.103262782156762
seg_ba3e74,4.626481193309376
seg_5a67b5,9.245475828959059
seg_aaa2ae,4.4814101274359635
seg_aa0180,3.758732822345648
seg_ad3cf0,4.272086670361852
seg_52c139,11.295248689001772
seg_06b8c9,6.431510520535459
seg_8db6f0,7.314353302878348
seg_2e2372,8.379665596112327
seg_9a812d,5.148713012542892
seg_d68930,9.914749415598616
seg_74ce61,10.841986855819805
seg_c22bd4,10.622608304870973
seg_a86a05,7.923116996308999
seg_588f61,4.795012761162469
seg_8200d2,4.349364058288299
seg_bd31bf,7.117212871019838
seg_848695,5.064355094548051
seg_755d50,4.6205660853932615
seg_84b9d9,5.563570235364479
seg_a9a820,4.562279141657467
seg_4cb0d7,6.506664175469946
seg_06d4a2,4.280229201215715
seg_25e76d,4.765541024914673
seg_53103b,5.1819186449007475
seg_d508db,6.6110754416528605
seg_570d69,9.75383977139375
seg_9b0439,7.075718239911534
seg_c671f7,7.7855922033456935
seg_91f664,4.616804495747018
seg_6ed49a,9.214227498686055
seg_1b78af,5.231352198246837
seg_72aba8,6.819055335553682
seg_8599ec,4.442497562644848
seg_d47aba,4.64536084698704
seg_53a557,5.1244660965885585
seg_b50239,3.7413268864821063
seg_c9831a,3.6925193428550096
seg_2d3828,7.2929845933165085
seg_3af649,6.90777253134515
seg_59818b,7.555691212642185
seg_b41d3c,5.43636009722329
seg_a31fe3,10.14551391397313
seg_ecaef0,8.057606387153958
seg_8f6284,4.58584818894217
seg_3b95d2,11.039400897930832
seg_cc4950,4.6175907208863345
seg_eb692c,11.422243594745781
seg_da21ee,10.701553011879748
seg_8f5589,8.072273730705072
seg_74f330,4.567259677518829
seg_2db7dc,5.827054525446775
seg_dab0f9,6.97657127630729
seg_60df2a,6.640405941099381
seg_2a8351,4.339743658151048
seg_65b962,5.186539114266246
seg_3865bc,4.785724091687302
seg_d5b100,4.522849883264073
seg_30501b,10.634383774819883
seg_c703be,8.886108527507005
seg_bd4d30,5.657193150507482
seg_4d8f0f,4.410988869761595
seg_49322d,8.041218108303342
seg_1da819,4.553637588839122
seg_00f3b9,4.8353363949708905
seg_82303e,5.026854990348556
seg_9c090f,4.137072899426972
seg_e76e6e,4.937505149629801
seg_c17817,4.50138859906223
seg_1f7cf8,4.280467514851051
seg_643d1f,6.868303375384703
seg_27db4d,8.876968791616871
seg_ac45ae,9.046600355254766
seg_8f592b,11.878090998885478
seg_673c60,5.190369250721446
seg_a53e4c,6.735657000953022
seg_7c6c31,9.053976687412328
seg_76b76f,10.649939710382245
seg_4eb127,4.694259788571973
seg_9df32d,5.860273253874259
seg_d90c5f,4.097701354707247
seg_c44bbc,4.3384588857032655
seg_7d65c7,10.025713289518288
seg_ca8389,5.398747720356904
seg_2dccec,5.042574432596304
seg_4435bd,5.609422886847622
seg_77ea14,5.0960430909810555
seg_85fb0a,3.9078844697532467
seg_266805,4.752120323111683
seg_4a2525,10.402911876693372
seg_3a22ac,5.72179432456834
seg_59e1db,8.091621925870315
seg_4ad5a2,7.879860246993133
seg_e34052,4.54097295164845
seg_d0598e,5.0390336499987045
seg_c42490,4.657570069645165
seg_37bf85,4.0676738896443565
seg_94aa0a,7.32898509058104
seg_95357d,6.327285875076785
seg_509d55,5.237698267241243
seg_4b4c91,8.913506746013608
seg_4ddddc,8.97313410187484
seg_50e270,9.268638773240756
seg_d31583,11.150580610324445
seg_055127,7.6268513860941525
seg_01a8dc,5.293504017396612
seg_b95a77,11.518791411873982
seg_2099f4,7.358423777926862
seg_679dd2,8.406206989442119
seg_8fb828,10.829109011290962
seg_d740b2,11.01002336450103
seg_0b32f7,5.020507970646648
seg_708349,11.641368566699901
seg_3151ff,7.105725303682575
seg_655ad6,8.849889456281668
seg_ae32a6,6.868826999492487
seg_492dc6,4.14204132853942
seg_922990,5.59646394166111
seg_48a4b3,7.7719978282737285
seg_8f1127,3.820014345883522
seg_0fd3ff,4.545500470716868
seg_d1a2b9,4.788575809406265
seg_9626a4,4.124467920005567
seg_76f1af,3.9596568122559845
seg_17799c,9.401803212055007
seg_a2fd8b,5.0569236719369455
seg_d27193,4.551551322577484
seg_8d135f,9.001214010590514
seg_1f3ede,4.379795261727533
seg_cc7e39,8.827569160502042
seg_96fa35,5.887816356547031
seg_274a1a,7.664710822680518
seg_369570,6.447139800636877
seg_a00985,7.5360131951666025
seg_b4f7a8,6.897178775485327
seg_1a8e06,3.992341139305499
seg_39300d,4.668678902252807
seg_f95fd3,9.172430269509555
seg_9fd9b8,8.124395324672806
seg_3d6aac,8.219418000061154
seg_c522f8,8.534276749000007
seg_ea8270,10.701569548184914
seg_e6b236,8.634840741433324
seg_750d20,6.908981098399237
seg_53caf1,8.54238655492946
seg_76106f,10.935528470859689
seg_9bd388,6.963742469313371
seg_e1f081,10.245588245588243
seg_80622d,8.536179081945537
seg_d37b05,8.819232115893257
seg_59058a,4.137623834700126
seg_103b32,5.8078011170382124
seg_04cceb,8.731777296053314
seg_2f86cd,2.4400165578096935
seg_2abd33,6.200972570318215
seg_161aeb,9.050889351013424
seg_a1e5b0,9.461932626393196
seg_ed52ac,10.190185851818635
seg_750244,7.424467387634828
seg_a99161,4.642506744175538
seg_9f4fd4,11.62557856083869
seg_0b4b24,4.909128885861418
seg_f46cc1,4.538992130593151
seg_739679,4.234750129041517
seg_23f823,5.798810947989339
seg_45a8a9,4.735309309532398
seg_b31961,6.171014543157891
seg_727fc7,4.382136702021664
seg_853302,9.301171367961686
seg_14c8ce,7.839885455512572
seg_814b1f,3.803400174221966
seg_d56ae2,8.495697427247954
seg_f679c6,9.946777139480973
seg_a2986f,8.101629311795849
seg_cb0e21,10.643912997518614
seg_b80358,9.832574323071043
seg_58e74b,4.024009694816759
seg_8bec6f,6.673052484601822
seg_f21bf4,6.863517251053795
seg_8f3247,9.499234499352157
seg_1201e8,5.286560914283707
seg_8c6e34,4.008466320929808
seg_812a50,6.001457788518775
seg_9802c3,6.656721993120904
seg_ba83da,7.424538448387352
seg_311499,4.338046623447788
seg_69787a,8.881966251480888
seg_12ac20,10.992680523263466
seg_025e78,6.104670044053297
seg_739643,9.292665658970412
seg_1f1e60,9.771491195478736
seg_a5271e,4.434047383941679
seg_961d02,4.715591684035006
seg_5a947e,5.110861439704146
seg_1ae362,9.407354092861139
seg_51b68c,11.475916006429474
seg_d36055,9.820943975959446
seg_db6d5f,7.221794361547267
seg_66b7c3,8.891081617379294
seg_f5406b,5.311918024325762
seg_73b0f7,8.241093370149118
seg_a35e7c,10.621415533628886
seg_26049e,9.74379363115323
seg_d1a281,6.5903961524941765
seg_92092a,6.326977484874973
seg_abda04,10.265167202714307
seg_b2b331,4.548240135130055
seg_fdd50e,3.888128536634674
seg_7fac26,10.536173610363972
seg_67599b,6.729751551277967
seg_8f25b0,10.561083111261697
seg_57dd68,11.334785515148779
seg_555f63,3.851167618236474
seg_74b264,4.863099086538077
seg_90a0be,4.27926523940069
seg_517345,7.099506408688441
seg_cc2e9b,6.123953068787613
seg_73565e,4.662381884783909
seg_cd9f9b,8.268581404470341
seg_acf2f4,10.097461684246746
seg_1ebe6b,4.256394140692677
seg_7c10c1,4.652239946218949
seg_c654e7,7.26184725689772
seg_b26368,6.964097496932215
seg_92af10,10.525550603914496
seg_9f7542,10.147716637559462
seg_86720f,8.15942404008508
seg_337b8c,4.794284580096723
seg_687a5c,4.4565049829066945
seg_ecf81b,9.527552638691192
seg_279725,10.557540005110694
seg_bff05e,9.466358202332378
seg_df45b0,7.969817396160129
seg_b00f05,8.125364747238443
seg_b735a5,8.62154005231126
seg_ddc800,10.336297201734324
seg_fb8af5,4.826773567948826
seg_61b50d,4.024440280049607
seg_ddbadc,10.106166238183903
seg_e3e762,9.53935464681677
seg_c7a401,5.540702362498931
seg_96db5e,6.162503483682481
seg_df99d4,5.347287241288779
seg_a6e801,3.5640115904863396
seg_ebd77b,11.328058282549051
seg_57ea44,4.397976687168483
seg_287e60,4.431116512043993
seg_14c054,10.988989312225563
seg_49b0cb,10.95290950860336
seg_3bf9ac,4.0749029463096305
seg_d5df41,8.316999921237176
seg_9a8a1f,4.017211516489678
seg_dbf3f2,4.773705008919749
seg_0488a1,8.733232772718113
seg_9a1c76,5.3363750055585975
seg_154361,9.216480996919179
seg_4db997,3.864287213659216
seg_2bf5be,8.984054830249592
seg_26a2a0,3.174056320494453
seg_b4cb44,10.746307738847065
seg_29e799,7.0639527023439745
seg_d9bb68,7.395301649500198
seg_8f3dfe,7.941645886356594
seg_abb03a,6.235726387315405
seg_5b392b,3.9992372294500718
seg_f6b70c,8.757389306482375
seg_b8725b,4.225068023960509
seg_f741af,4.724409521799333
seg_2e88dd,8.666745183781295
seg_b32d1d,4.908407444942117
seg_d62e9c,3.8183502538304825
seg_4b4ffb,4.41666341889507
seg_e47d2b,4.736433832685491
seg_ee2781,11.696708851412701
seg_e5750a,10.164227339040066
seg_0df75c,10.440284061715587
seg_468bc9,11.19956196419785
seg_4f48b4,4.127491089737464
seg_f1f5b9,5.454861252590522
seg_ed7f69,4.958745703961287
seg_35a2d7,11.243321652619834
seg_e6e24e,7.5778949759961804
seg_3d581c,4.053995089886498
seg_476700,4.316206104827643
seg_c5fc87,6.805479181796692
seg_0a42ba,10.233926711863985
seg_bb2d77,3.9416543885119832
seg_7cdfe5,3.948125240434308
seg_34a8f7,10.779141889933255
seg_6e12ee,4.48187226000831
seg_1f3d44,7.22979987689308
seg_7480f4,10.120142835458779
seg_1cf1b5,4.662835795464367
seg_f6659e,5.260039543337061
seg_461b63,6.48628344737476
seg_468fdb,5.8534067038896325
seg_593c34,5.14735625990368
seg_004314,2.580405106904496
seg_071067,4.76416058778153
seg_659ff8,5.6919346709805625
seg_a3ab46,5.637039674972551
seg_c0260d,6.730059296240381
seg_d9750c,6.831933006154965
seg_3506d6,4.464110348514786
seg_9e3837,4.810089281602248
seg_23fe27,9.102300901598172
seg_514543,5.838672778240421
seg_54d0f3,5.006198003627468
seg_046c28,3.655444706386246
seg_915b3e,5.3514600697877475
seg_b80366,8.584572010785552
seg_9d68cf,4.52443772073044
seg_3b7175,5.12400422444454
seg_50b048,6.136357810797542
seg_b9ad7f,7.180130106745395
seg_c12d7d,10.420411737665424
seg_f4ad4b,4.884444713740655
seg_ee1cfc,6.611582636633796
seg_b686e5,3.4957632815391304
seg_0e8b79,11.55051024226737
seg_5639b3,7.901472085748625
seg_1afa29,4.250624244266326
seg_7d17eb,10.723046043310745
seg_dd699c,4.241253357545079
seg_fe5945,4.773621099655227
seg_86d847,11.34701127967808
seg_660fef,7.050064378886869
seg_e1daa0,6.191108005610441
seg_32fc4e,11.012873943782926
seg_2916e3,9.629032975679783
seg_920132,10.596380837676373
seg_709d08,7.174603366337556
seg_32d747,6.595113749240717
seg_85762d,8.025957495047356
seg_86cfe9,8.73106338941158
seg_8be2da,7.229663436875756
seg_0df469,5.900629718826546
seg_b52dac,5.521536675520473
seg_72859b,4.828550812744662
seg_f6f523,5.309660610445756
seg_80fb86,7.566175927731638
seg_bf1a72,6.735312579302757
seg_e3dafa,10.92127540524367
seg_a6cd86,6.729472727963728
seg_24157a,7.753235822710394
seg_81bebd,9.529534632475675
seg_e92526,5.081265702376847
seg_14c371,9.940966801864738
seg_59de0b,3.5190611803229888
seg_162fc4,7.308496534719116
seg_9f042e,7.608508407060687
seg_1cd352,5.82418565967838
seg_eefd4a,4.568795239626048
seg_193404,10.844695700206088
seg_fb74f0,8.064084726846147
seg_5ec0e3,9.826667987973813
seg_16a270,8.085864516764675
seg_2c5e9f,7.16252678132317
seg_529be4,7.395807311673323
seg_dd780d,5.0476248638648435
seg_9ee0aa,9.627936539541048
seg_5470ca,6.208821201440743
seg_aeeb31,3.8017940573696998
seg_6d4fa6,5.028357901028759
seg_5d45db,7.473189539759626
seg_46a42b,4.812318866424487
seg_46012e,9.675170182025365
seg_460436,10.04350031962357
seg_5e020f,6.2072146217282915
seg_666056,4.211977966188125
seg_c23429,5.684689350594653
seg_cf0e43,6.2635874776852205
seg_f455bc,11.30044232329388
seg_b2b29d,8.324370005104
seg_6d36a1,11.315023590733242
seg_8328f5,6.826088342719147
seg_fc57d4,3.3958355516608236
seg_60ab20,9.844394989162263
seg_8a6b0e,4.879585759153858
seg_66ed4d,4.75914361839932
seg_04ae38,6.640288612731019
seg_6ae32d,4.7489171949642595
seg_eca2eb,6.724247956735719
seg_b6254c,4.213340406305373
seg_1e0523,4.792102286969732
seg_d60d18,6.581391801920835
seg_b1fea8,4.784390465490127
seg_1eae76,6.60484139269582
seg_23bdf9,6.933010416260945
seg_324447,7.50046235114008
seg_420d4e,7.755201866427318
seg_97a161,6.1511075327294735
seg_2bf9dd,8.710271198836326
seg_ac9de5,3.93627974112782
seg_34a2b8,6.628058544108104
seg_28fc32,7.835775381193671
seg_016cdb,6.205010449683413
seg_2cac57,9.636566775447227
seg_a91c03,8.103781117856228
seg_e5c033,7.738832839317509
seg_a84c13,4.69123959430589
seg_c46ce6,4.376519965188379
seg_d9d0e4,7.096439386296535
seg_339f80,8.379944009884088
seg_0042cc,8.2913457523012
seg_a4208a,5.486919458476085
seg_d86eb6,4.598223566861106
seg_016913,4.570214165291383
seg_4ea3fa,7.39658293216054
seg_0d04b9,5.695782616891851
seg_919a6a,3.1244347874081075
seg_beb650,7.556236832310428
seg_4c8db6,9.687748916942752
seg_17067e,6.056748075471115
seg_753190,8.679356969081853
seg_e5deec,4.887757861731967
seg_f3063a,6.523878516117652
seg_986b6e,10.698470436653869
seg_f48db9,6.22192351453716
seg_0339ca,5.917858791426137
seg_18096a,7.170809197146574
seg_586726,4.7523921861622
seg_bbb01e,8.645866678773386
seg_dcbe02,5.457986001006353
seg_5a0479,6.075271784138479
seg_146926,10.315189160991155
seg_760d70,5.077621550829863
seg_4db886,9.521966837197981
seg_902bc1,8.420244543546461
seg_ffe7cc,10.769304824227797
seg_d2a533,7.251250549117361
seg_88b289,11.28345207974545
seg_0b3b94,6.868504482711047
seg_e0f296,8.923705029616356
seg_5d94b2,4.911595347856139
seg_aee9bf,4.899244201633732
seg_e8ad6b,6.918533341787793
seg_aa98cc,2.885286132569682
seg_c607eb,3.240210042173949
seg_8bde47,11.041437665367587
seg_9ab405,3.989381796462151
seg_0b07c7,7.094955280957744
seg_c0e1b9,5.764029859618012
seg_c52ae6,3.8488828222492053
seg_1b08a4,8.078859775357621
seg_bbfd4e,11.32019258884504
seg_4eeaef,4.145145590063824
seg_42e7e8,6.394501875725319
seg_53e645,6.563990802524191
seg_6f60b2,4.5122905873540775
seg_b02e31,10.511933832630737
seg_0c12cc,8.937532003927272
seg_a69246,10.883323376949079
seg_8cd159,4.774606229626279
seg_8e7194,5.3857013264543525
seg_f67ce2,3.730263285195404
seg_ceab44,8.55164020061069
seg_f57ca1,11.113679623817
seg_cecd29,7.100654451742021
seg_bc2186,7.547754145783085
seg_c106ca,4.772853827586391
seg_ada81a,10.562746496719662
seg_c0c0ed,6.68170651987445
seg_ad759c,4.07013565640463
seg_2c6011,5.737137225644113
seg_8cdf83,5.345438546229013
seg_27ff17,6.333481098208125
seg_3adb1a,6.265459979376607
seg_217eed,4.20201892837163
seg_6fd5bb,7.0247226057212835
seg_8dfd7a,4.020367984515398
seg_2ba79a,4.037713348895241
seg_24c078,7.7072217935537415
seg_447972,4.152014327574675
seg_a6e99c,3.6702900130225635
seg_d9dab4,9.602015106575877
seg_2ee95c,10.634485080351283
seg_3cba49,8.425182431363615
seg_74235f,6.3572802346704735
seg_04fd93,7.094135043794604
seg_461ab5,4.297239004162326
seg_0012b5,6.748105702155374
seg_c5dee4,3.0780453037287754
seg_d89369,3.7760025584015224
seg_05bef4,4.061146404531175
seg_38001b,4.014237590002774
seg_c25855,10.81582861908791
seg_a45455,6.223572524912168
seg_6c309f,4.592680302668982
seg_306756,9.122351851382705
seg_017314,7.958171432744005
seg_8d6a7d,3.9856667449232077
seg_fe86f5,5.712580344902243
seg_3661de,10.75234492402024
seg_fd9ac1,6.4743659279027055
seg_e8b2b3,7.905215209777076
seg_2018c8,11.223829094496994
seg_6c8a45,5.6789161245262605
seg_b197e2,5.783006919750556
seg_db3fbe,10.846799345561982
seg_2a0afc,8.03760140876859
seg_d44589,5.128880830448804
seg_5e0902,4.380967583000067
seg_78ded2,4.062559512127948
seg_7848f8,2.666910395522507
seg_2642d4,6.27132600308961
seg_cf1371,4.286173183024332
seg_7f786b,5.775113693029315
seg_507065,6.033571519927064
seg_c509ff,5.549874663340731
seg_e8ac98,4.098754083115899
seg_fde767,6.557212471693691
seg_a7d0eb,6.430013789299104
seg_fb11ba,6.788054789078174
seg_878d2c,11.2847310593934
seg_232559,8.940558926928995
seg_6da1ff,6.716642715509909
seg_5f46a5,11.218303140108127
seg_30661b,4.934233512222819
seg_004cd2,8.533751591321968
seg_812962,6.918326908998908
seg_fe73b1,11.097959604776625
seg_d1ca05,8.33791715697902
seg_7211f1,8.232481593264913
seg_cc667b,4.830185352776457
seg_4a91a9,4.705618480517007
seg_a6bf91,6.201070284146486
seg_3ce740,10.320913562634972
seg_596ae3,7.016152615176893
seg_76d16c,7.658207970989136
seg_b691c5,4.2336382918383135
seg_90ec68,11.95164856313709
seg_e81b50,6.7622588794441
seg_db3a95,5.904671051073268
seg_d27812,5.9124483537376555
seg_613702,6.051692308976161
seg_b284b2,4.841738440138664
seg_32ad0f,11.095705038785106
seg_45e7ad,3.496050990438752
seg_709b6a,11.140676192731554
seg_a6c5cc,4.479098679719492
seg_29022f,4.642008697525245
seg_b7da0a,4.831896258728125
seg_55239a,4.702964113732794
seg_477c83,6.908920937265878
seg_3b30fd,10.539774947912463
seg_c81fec,5.790285731336837
seg_7a09ec,7.543582685260482
seg_cf25d2,4.721024122518631
seg_325790,5.365293508825132
seg_4ad674,4.912509378121556
seg_14d1d3,6.96484047702518
seg_23b123,10.885106220399399
seg_e5b510,4.185916972022276
seg_e7d3e7,8.635573968585355
seg_9d79d4,5.3132331393118095
seg_ed3e4c,7.682801467302451
seg_beda44,7.411323473564892
seg_efb639,9.070540396434515
seg_29acb7,5.020125055707014
seg_ce72e2,5.310016844460644
seg_dc5e63,4.8503053192974575
seg_eccb17,3.5686850344603265
seg_87232d,7.587265762830477
seg_dff078,6.401447883915378
seg_50a667,4.2429003533193175
seg_b36650,5.739965574131351
seg_88a81d,4.853383714991921
seg_ff2f2d,7.595860229691353
seg_1d980f,4.717847278674097
seg_aabc52,10.969638973675023
seg_ef74dc,7.521958902374622
seg_500108,5.609097387268217
seg_e4f403,5.392755723618677
seg_45e062,9.410839613885694
seg_ba5e7e,5.2251929290349075
seg_740837,5.168663497613051
seg_7fa6ec,2.729800898216336
seg_b03de5,10.730458871110457
seg_e90c0d,7.636003310479283
seg_176542,8.656431661799342
seg_ef47c4,10.174612065448299
seg_b77bf5,10.974856525716227
seg_218049,4.941357397194672
seg_43597f,4.957234559038814
seg_7f5b6f,10.587471192128566
seg_1fc7ab,7.563985300541824
seg_0ebfd9,7.744419615464011
seg_18fb65,3.792465627860443
seg_61f504,4.28269554524109
seg_d1fbb8,11.056357417250235
seg_3bd97e,10.938689954321092
seg_0144cb,6.670803898290463
seg_77f9e3,3.794304701819288
seg_d6b386,10.55198730284332
seg_f5a4ee,11.487242547799406
seg_83bef8,6.130018486499426
seg_70a60e,7.5397046039145685
seg_75dc3e,6.816467312310849
seg_bb6fcb,6.8371771980702185
seg_0d6d68,5.953752602100958
seg_ab3f14,8.544547355506198
seg_e96140,5.048162384567132
seg_ada42c,5.698051250007193
seg_123dd4,10.345843730589737
seg_6fb17f,6.93864603662141
seg_75eb90,9.269228526673798
seg_67330f,6.493609884486126
seg_01ecb0,5.31313118899346
seg_049957,10.49425196541959
seg_304b87,6.327976692396924
seg_63c8e4,10.899958894023513
seg_ce00bb,7.414061230702353
seg_2c3203,4.902088163904537
seg_f3c578,5.333476622358141
seg_ea9d37,5.287193584335617
seg_743775,7.378508775287723
seg_725772,8.130911645125893
seg_4587bb,8.213021071746452
seg_ca6d70,4.50390896718772
seg_93d864,7.326900517367956
seg_56e3e7,10.786470083773494
seg_87e4e8,5.1286784840902255
seg_60277f,4.971555087572607
seg_8ebdea,10.670346877279512
seg_cf9a49,5.899793238960352
seg_1cb942,10.526159480574977
seg_807901,5.536756561021147
seg_b23489,4.5238597308588995
seg_428d66,4.805551688660454
seg_7efdd5,7.899058950718948
seg_ee7224,4.376734510141141
seg_a133bc,6.707437027388289
seg_abeca6,10.666446248658376
seg_18d307,4.0387211710936
seg_c24946,4.773100789687708
seg_d8014d,7.642197039992209
seg_9b7f93,5.965567469020104
seg_2fb672,10.684543157875439
seg_a11dd5,4.666819680102268
seg_4401d8,8.191478263226921
seg_59eb97,6.769254832779601
seg_b8fd73,10.460882880550953
seg_81c1a6,11.121731312220492
seg_d26f7d,10.562213349168994
seg_b69455,10.83227071957068
seg_03d386,3.1704267921718685
seg_71936f,4.193895978048217
seg_d32f8a,6.979262951710367
seg_122ba9,4.808642289651011
seg_c0d7da,4.657330192425542
seg_ecf28d,7.6474938541769895
seg_8658b3,9.02558673561934
seg_168d1c,8.762453556595377
seg_373ba6,4.9641776451625965
seg_53fa13,4.909279995612964
seg_0f565c,6.650794519851236
seg_8b798b,9.981131655577396
seg_5cfba9,10.21591337140711
seg_99ccbd,4.045646455601812
seg_baa745,7.989992987549619
seg_f639ec,6.871902581644709
seg_c15d21,8.875527173625017
seg_d0f262,7.147166871533021
seg_90bf60,10.912988738533054
seg_9ad261,6.701020782860301
seg_bfe0b6,10.381946595000223
seg_a47cce,8.948150868250648
seg_447cb3,9.992804605664736
seg_2ea616,5.682766169041077
seg_c2b8f7,6.85040405312881
seg_6422d1,7.6674854025591275
seg_e0c329,4.926545873447641
seg_17adc0,5.64770372760604
seg_19ec5c,10.264237237272717
seg_63130f,11.000862922199653
seg_3d059a,5.489895202379164
seg_5147e1,5.426395790819036
seg_6d4109,8.697976367576759
seg_247262,6.806356399895397
seg_0dfe8c,6.133774070081247
seg_e65e69,5.068930645275118
seg_3b7724,10.521304905740283
seg_f650cc,4.4271747389522424
seg_71c9e9,4.240881001832602
seg_705463,4.253128095753838
seg_e8bcde,5.113743026823435
seg_5924f5,5.299678136643148
seg_ab001b,5.323658911310532
seg_c6c29f,4.680269153113675
seg_93211c,8.25242379172384
seg_590fa5,7.144811864039322
seg_abc5fd,8.041249181842256
seg_2b2cb3,7.891076541132961
seg_5965d8,4.730797872614022
seg_76e914,6.265150429277019
seg_179d90,9.337599415334097
seg_c571ef,6.218283734523755
seg_343571,8.44900630881476
seg_ac68bb,4.126842601395422
seg_a50d28,11.376874440605228
seg_517425,4.402736951382118
seg_de4e1d,6.137949766774951
seg_eb1d6e,4.78206343853791
seg_02042f,4.599155158085602
seg_a4e745,8.23167986095398
seg_96cd5d,4.43813957930112
seg_a543e5,8.982089875494127
seg_1f5240,4.611295295267046
seg_d24095,9.757484620788576
seg_e3b1f1,7.176000311825128
seg_a68007,4.774898141701994
seg_4abc29,4.491943950450787
seg_80211c,10.296977136992185
seg_a802fa,9.26431592464998
seg_0b76f5,10.970714088959712
seg_94d150,5.004468749325672
seg_7c0376,4.166239922813433
seg_373a04,8.448149700107797
seg_8353f5,11.160276443083413
seg_b5aee9,7.113417998449869
seg_ef24bd,4.730984708616748
seg_fedbd1,9.336144255316656
seg_08fd5b,6.02365143874692
seg_bc437b,10.467078542505396
seg_766e42,4.794788465647542
seg_c5256d,7.095492399686993
seg_d1045e,11.433427456536364
seg_bc1d67,8.262903812637008
seg_5d333e,10.336900637210112
seg_82456a,3.8246184676276993
seg_59cfdb,10.229200285095127
seg_b9bdd7,5.24802227630506
seg_c81e10,8.25133692536528
seg_0c8502,10.743895973697045
seg_bb92b1,7.054359411375664
seg_d85e2e,6.384398766707599
seg_51865e,4.93035921878625
seg_edecaa,6.605457464988635
seg_b108c9,4.867280160283079
seg_268956,5.735592282607246
seg_9f57c4,8.426534397544966
seg_42ff14,8.932728080458768
seg_738be6,4.510047438779459
seg_4743fa,11.040173221740107
seg_4acc4b,4.684123458311674
seg_f9e4f2,10.771122074584179
seg_b6c10d,7.566015300667953
seg_cd2b34,6.265032365945781
seg_9a7c46,7.490165400008351
seg_1abcaf,4.682529857817406
seg_d21066,5.696765316770471
seg_105cd9,4.4284996638005
seg_284923,10.937397710906438
seg_383b6b,5.742535055438549
seg_816b7a,4.460714219752912
seg_d5dbc1,5.01790979631424
seg_79c47a,4.094765800180994
seg_d9b162,9.125671321159679
seg_e9aa44,10.586512586206807
seg_592807,9.055900521929102
seg_259dd3,10.78037101176083
seg_90e904,3.5017845784257076
seg_32f6df,5.217684035336386
seg_69dbad,6.331537632538222
seg_158764,7.811897585547267
seg_4b0839,4.269771569816501
seg_0981f3,4.232134845274675
seg_6d01a3,9.507492160205908
seg_fdc1d4,5.968883584999351
seg_f1b916,4.186479643778957
seg_b7b098,5.821000188479252
seg_7d994f,4.528092633653773
seg_ed7741,10.939971598290073
seg_f056d8,4.6927566595632015
seg_f6d51b,3.777576226037358
seg_cd43b4,9.52326979250243
seg_d3f967,4.984981850540044
seg_95f45e,9.70855243913679
seg_7ef97b,4.252516055035609
seg_b568c6,7.544022154650764
seg_301c1e,8.556619217063728
seg_10a595,6.142141582274474
seg_9dea8d,8.655358733858783
seg_335170,4.291571359335985
seg_578e84,10.034096948942448
seg_fde86d,8.0712144612489
seg_71b975,4.234711883081289
seg_86892f,4.808432941066215
seg_09dd59,7.733412257169072
seg_8472f3,12.076458015473875
seg_591954,10.676373905307488
seg_774ad2,5.286883733419477
seg_9ad925,9.876371788466773
seg_d3bb14,4.974184931632524
seg_9e61da,4.0011759255994255
seg_d2db6b,5.442385214464462
seg_1ece48,4.466147754179431
seg_42c4c9,6.422664352445989
seg_49d84b,7.623177918059006
seg_75438e,7.062664482456697
seg_950048,7.623054693197072
seg_fdff11,3.906849694926549
seg_ea0091,5.722834614006096
seg_6153ca,10.724118675384446
seg_0e3d44,4.7221186876440635
seg_2c69e4,10.152030218198279
seg_fb1f5c,10.617773673531795
seg_8e7fca,5.593740889300716
seg_b78883,11.056064072777344
seg_0bb5fd,6.531455383641549
seg_a63573,5.751933801358731
seg_14ad27,4.05408318100866
seg_5495ca,4.0276656701283455
seg_136695,7.753146019943489
seg_2a2f1e,6.482971778192188
seg_4d5a4a,4.366463711733723
seg_287fef,4.654450118173467
seg_703cea,8.972574014654027
seg_3706be,9.814544663154429
seg_d356ab,4.820457147756316
seg_c5c6ea,7.507857729878325
seg_836aac,4.619408209272231
seg_a1d8da,7.7737971355548305
seg_f21a22,6.645836877988287
seg_db694a,7.349508755539053
seg_1144bc,10.957759947050183
seg_6262c4,9.12557238320497
seg_957ece,2.480541123013257
seg_ead30e,4.506109774728551
seg_5cde88,3.643247929497584
seg_9e8323,4.653529251653338
seg_97ad82,8.632832220534867
seg_e13bd8,5.618072913419692
seg_d3d8fc,4.461118584274781
seg_91eaeb,6.7978059357007465
seg_8fb0d0,7.47018175910642
seg_0c4e31,4.073148432029549
seg_8f4654,7.677822452138023
seg_d78093,6.185134689849835
seg_55a0c3,7.4163446662570065
seg_c11828,4.26339765949795
seg_65f01e,10.781378235615515
seg_2313d1,6.888742279520212
seg_7a5243,3.881390147711855
seg_411225,4.4089715921220565
seg_d1b91e,7.77375246168516
seg_4ba3d1,9.709700271948455
seg_ce472b,10.070052842008737
seg_b0d251,7.038746831295171
seg_fdba93,4.166997264293375
seg_9c3ef8,7.583779093401286
seg_6f3d90,6.977985710981545
seg_e5e238,4.286640207363893
seg_686edc,7.7075814435712
seg_74fcfc,10.679491966252199
seg_952faa,4.17649608623636
seg_0e3739,5.8333717877251345
seg_7c2c48,4.248724230436516
seg_ef779d,6.702701208386429
seg_f60872,7.18332417707868
seg_be0cdc,4.476141970669676
seg_d40bb2,10.73316631278255
seg_ba3c47,4.354144570837765
seg_d36737,6.2892757304196145
seg_06bbc5,4.237010339525858
seg_ee87e2,4.908128744699056
seg_ae9626,3.781396746047051
seg_633651,6.1785823592511955
seg_148698,8.411457685699736
seg_51f6fd,7.393220629474833
seg_c9481f,6.962326065539551
seg_dc7e0d,4.1732760393469865
seg_885f53,7.89365147235146
seg_fa0ac7,7.022877069906489
seg_5765b6,7.665945169469843
seg_e0ce38,9.68593087267237
seg_fcca66,5.0852196178051905
seg_30207d,10.498825236505526
seg_6ac67a,5.053243799094638
seg_d59e4e,4.845034545713966
seg_8a7201,5.497219745434248
seg_38ad16,11.734286320371126
seg_6696d0,4.731626955641087
seg_0775a7,4.233444450575907
seg_5f355e,8.18572004856981
seg_dad4f2,7.665140961179531
seg_bdf84b,6.196192939732037
seg_661629,4.66261935690548
seg_614b50,4.0773035583586905
seg_4729a7,4.457959838547674
seg_33c30d,4.357505882317682
seg_b6bdaa,8.646951965077138
seg_457234,11.78459416134681
seg_266c6e,7.1223905947665
seg_0c89ce,7.6679946568704205
seg_75ffc9,6.239720647166134
seg_0a1bd0,7.657680959099982
seg_117278,6.658430757353218
seg_f322b1,8.079918260504181
seg_827c07,5.168373549895101
seg_086a61,9.4773610212605
seg_762be4,5.891146956588828
seg_a9b957,5.7109251522825035
seg_bdae02,10.605756057771137
seg_ff0f1b,5.164974528899731
seg_b51b7c,6.512302361739227
seg_ab9654,10.756802169710568
seg_4dbbd1,8.28014440097563
seg_e266f4,6.630767018335533
seg_d35274,4.552437484563528
seg_280e3b,5.497743512257984
seg_3f80ef,6.97561820551928
seg_289d99,3.992807686236888
seg_2383c2,7.724164186721339
seg_e877a5,7.497418790568048
seg_741fc1,8.784407980916123
seg_96dab2,10.132283282700826
seg_c73df6,4.267895347408758
seg_dd0b11,4.363519723129001
seg_945bc8,4.45284308854166
seg_9d57a1,8.317673985897066
seg_eabb2c,10.858514672689344
seg_a88dde,9.034515714757674
seg_4eef28,10.144646462176473
seg_13e25f,8.389494540513581
seg_7d2e57,8.63750400570229
seg_6eedcc,9.51489743993544
seg_484901,4.677263781439202
seg_a247ac,11.399504341444425
seg_e1f045,6.090681932226779
seg_eea20e,9.978978682652901
seg_fa488e,4.72502346920841
seg_d098df,8.138312365117
seg_a06228,7.117714707170188
seg_c05a7d,10.110837214405263
seg_8baeab,6.391699177787793
seg_a674d2,8.731042967567266
seg_a99be9,9.87775713572816
seg_fbf17a,10.477411973811273
seg_153d6a,10.4529223032338
seg_2e9a47,7.1872049601627355
seg_05a4ad,8.525786359830969
seg_e54932,9.380620569306949
seg_7aeca4,8.64210948349456
seg_4c4995,8.526537504926814
seg_2b6d52,10.363299093835519
seg_35b009,4.5428025512325725
seg_1c849d,7.73091909922583
seg_7b3017,11.768118708539957
seg_c18d5a,6.697821344880249
seg_3788c5,11.315745792264261
seg_f865be,4.110906815442201
seg_9d3013,9.00252811929929
seg_4ca6de,7.784871161870619
seg_91bf8c,4.681378546285207
seg_6e5a38,4.094230557622683
seg_762188,9.782040944277819
seg_1c904f,3.757924542244988
seg_46c6d3,9.151266268417922
seg_115617,4.300170133917931
seg_b57e76,6.591147155568396
seg_cd0691,4.187177067563307
seg_512b3e,10.297275643017315
seg_c565bd,5.968007849386261
seg_64daae,3.9761849275826857
seg_718b53,4.095442057403511
seg_17d1ff,5.112390725709438
seg_11860f,7.473580470621145
seg_fa6383,7.994728877139292
seg_9d452d,5.198611606473214
seg_137f8a,8.411515176801265
seg_96642e,5.8592241287269475
seg_790108,7.93588099964694
seg_d693b0,11.114587660535534
seg_7ebdc3,4.656548216216753
seg_d1a8b3,4.10449596184023
seg_2f8e19,8.456966844637549
seg_f96d5a,8.88010244262652
seg_ad949a,4.503546235535701
seg_464839,6.275679333934293
seg_580b65,8.200699398885412
seg_39ad50,3.1705719907175336
seg_ba2c48,5.232287727057361
seg_f77ee5,10.675484332354978
seg_032822,4.969905744619353
seg_c5064e,11.18928985756648
seg_316f86,5.880877242443749
seg_75cd6a,5.544585007843458
seg_4ab7bf,10.186532606629568
seg_ba941e,8.44342096814504
seg_91cff2,4.427967822598038
seg_734a88,10.442187033485576
seg_5b8c39,4.40973164687106
seg_5311d1,3.377587954286305
seg_25b38a,9.0043769934047
seg_4a9e8d,8.516086119024967
seg_140bc5,4.734534810801844
seg_65fbac,10.613716838545669
seg_7cbb45,5.517331686464082
seg_3d19fc,5.836029565969308
seg_e6307f,8.867597816370795
seg_d3992e,11.286650030566475
seg_222c5f,4.529991583784489
seg_c09a41,4.656600322386478
seg_e40348,7.091784040890109
seg_f7290f,4.351572607521201
seg_420bcc,6.540817449884142
seg_da80c4,9.76158442673953
seg_c10a58,9.3290269255402
seg_c11a4f,4.320456999033216
seg_94d573,8.22686998132951
seg_d6b546,8.519797193721999
seg_84fc12,11.492698308336776
seg_03d63e,4.886813700996211
seg_f6e1ca,5.66838137222499
seg_038879,9.002760200009817
seg_bc07c8,3.9500423250227485
seg_8da61a,9.50187558856575
seg_b86ce1,6.35540207138419
seg_36e32d,10.062782830069311
seg_0125d9,6.7605069410975185
seg_a68ffb,8.416320270520837
seg_c21d60,7.230279925763507
seg_31064b,4.891173289184599
seg_29c772,7.788763417165104
seg_58e9f9,10.550334462115964
seg_eacccf,5.568996858360506
seg_ca67ee,7.085341261275442
seg_3f99c8,4.624779724595069
seg_e9272e,5.240057037499795
seg_77fe77,7.348797291314713
seg_063865,8.521762841062328
seg_48b545,8.391036028609166
seg_7b0936,10.329922644208343
seg_725e84,4.5907900299029505
seg_a88097,10.345460619199624
seg_04ee93,8.94058371152099
seg_f22163,11.14483605550244
seg_4e627b,4.8375822423576755
seg_7ed2dd,6.179486229452753
seg_40f810,6.215583082402428
seg_1eeb8f,5.098166092297597
seg_5bdb47,5.058069322784692
seg_d062a6,12.165775875347792
seg_170a0c,11.028573442192124
seg_7c88d1,4.761159487208001
seg_8c1760,9.460499774458711
seg_43c6f4,8.75657375239679
seg_658bf4,4.032626738720002
seg_c3f8d7,5.129750214156752
seg_6dfab7,4.24842638175386
seg_c146a8,6.776381993556985
seg_d962cc,10.553316022512819
seg_6a26de,4.211743554235324
seg_c5dada,6.247049203770417
seg_397983,7.943078203048077
seg_a56c04,6.673736197940968
seg_9e962b,8.517830097071412
seg_735cdd,5.090243096076725
seg_a8ddf7,4.656219457857803
seg_6b9d02,5.003231524875564
seg_204dc6,4.463828107998364
seg_0e9987,6.237091475732782
seg_4f83a3,9.007836977214916
seg_511d25,9.292677762598748
seg_b853f8,7.138520885783795
seg_fe2aac,5.722358965555902
seg_31631c,7.5097843583056765
seg_d63175,7.126216887083078
seg_acd715,10.7347445640914
seg_90ef18,10.943575505457924
seg_9caf50,10.553090639844134
seg_597bd6,8.659547318028403
seg_974049,4.981433129752663
seg_4cb9c6,4.882130257649066
seg_05a1b0,4.700071220625198
seg_3c4106,4.913770201443568
seg_eee89d,4.823517414319726
seg_9a81a3,7.995708950507985
seg_a31d6e,8.503027335312048
seg_b95010,4.4422377962910105
seg_692e7a,8.88882969773943
seg_31ddc5,10.49801848723546
seg_fbce13,4.430037376283493
seg_7f3ab0,6.124507831023233
seg_b54024,4.70986194155194
seg_0165c6,11.038322257387776
seg_c588c1,11.365760310858791
seg_4fa87d,10.416992031632896
seg_be4612,10.338914563898799
seg_a5dea6,11.720927186203937
seg_ca2d1b,5.34344733351607
seg_f88d4a,5.6103698052100555
seg_c0ea9f,6.562389974674183
seg_6fc3ef,9.969435669324463
seg_e9df42,9.25257359541795
seg_e8ce6a,4.336860181491558
seg_546864,10.344643000317475
seg_b89218,10.577872470740475
seg_214492,4.708430829093381
seg_82ce27,4.573253096362942
seg_b5a447,8.31673357952271
seg_c90be5,10.491241816495434
seg_e3d751,2.4931475283834774
seg_24c1c9,4.740878461788373
seg_a2e2c8,4.548827316303975
seg_e3cf1a,7.247597738571852
seg_482745,6.174863571782081
seg_27de37,7.604156341980757
seg_961ddf,4.578505351033507
seg_f66db1,8.896133026004323
seg_6b3a9d,4.866361603325632
seg_ebb79f,7.38289299369426
seg_130e17,4.524328122345156
seg_54af0d,3.796510507470692
seg_e1a9e0,10.660077299367197
seg_efd9ec,10.977227485038625
seg_05e0d7,5.284943529469909
seg_b947ae,4.283657575245667
seg_16c3a7,5.0351058205283605
seg_ee8f87,5.526156850039473
seg_a96b47,5.787598404291039
seg_91f512,4.825851844941038
seg_004ee5,4.617675164996208
seg_e5f9ec,8.30174803165262
seg_268625,4.813970444986719
seg_e4c15a,6.707545985902378
seg_5abfdd,5.441322578573678
seg_98c544,4.878761092932378
seg_85e90e,8.95973720554968
seg_9ca72e,4.730303100305571
seg_f2ae5e,7.302429833348358
seg_cf74e8,4.138890703815291
seg_d014a3,10.888075665815483
seg_2ed79b,6.127482956421077
seg_d2ad9a,3.97358369622461
seg_8fc754,7.82265852112334
seg_226e60,9.416007525761012
seg_7cd6b1,5.685981569661068
seg_9f12c6,5.619659708718065
seg_f0db55,3.4467210832557975
seg_07fc6d,8.520406495952699
seg_b21273,7.102851423373129
seg_e27c0a,5.879030203393373
seg_ba4ea3,10.035213852460005
seg_e2b8b1,10.810506061205624
seg_14c89d,6.389664826690249
seg_fd19b8,10.586438512643168
seg_6cfb76,7.4708782054208305
seg_de3237,10.303688207434101
seg_3c3ddf,4.612188324524945
seg_996c37,10.121283821918224
seg_eb7595,6.298612499303608
seg_0dcc40,7.404724374061345
seg_cacd58,5.974256288737028
seg_0ba210,10.431163199218831
seg_5c8ae5,6.758254659458828
seg_3db0a8,4.490061554008346
seg_12b9ba,7.191111590926515
seg_7e3b3e,4.662854194294407
seg_8ae847,6.874820675545474
seg_331f2b,11.146891195943548
seg_4c067a,7.161250212661852
seg_2d402d,4.61536388990172
seg_3ba485,11.492234497827747
seg_eb47a9,3.9782110987524177
seg_af1650,4.088138882686157
seg_327ed4,4.489352853302324
seg_f4d644,4.657094764967845
seg_af2472,4.417814126343014
seg_01c775,8.743520642093843
seg_e8385f,10.734440978380839
seg_b6cb2b,4.157481810391906
seg_ab70bd,7.100592113455046
seg_69a230,7.083810940679425
seg_5e635a,4.478610496316505
seg_20e9ad,4.650628291838634
seg_8d030a,6.330087695338256
seg_f99b64,6.923239421253189
seg_6a45a0,4.805952673857411
seg_e6c973,8.77702242277963
seg_62c582,4.503669900111455
seg_ba9dbf,5.013625950001047
seg_607559,8.401878061271006
seg_9b7ef8,11.0759911566024
seg_114b79,6.895059206522679
seg_be65f2,4.241653051367364
seg_9757ac,10.476011923469516
seg_572172,7.579946956329281
seg_f80e44,6.455845967275572
seg_c47bdc,8.86421590812206
seg_d16534,8.715620668335333
seg_a3d4d6,4.570709905510331
seg_fbddb9,11.927258981464355
seg_55b566,4.0771168427968645
seg_e98217,4.276012739859359
seg_a55a17,5.747139669794696
seg_2b4959,6.975400071253482
seg_1a671a,4.401942070073275
seg_26edaa,11.545561293439041
seg_0cca14,5.385856403416992
seg_1bd38e,9.412620995098083
seg_8c341c,9.70049083029877
seg_e41fc9,6.527169864105354
seg_0968f1,7.238363001047742
seg_29d4c6,10.928174194878451
seg_5e1bba,6.374486591852979
seg_9f22a0,9.023188712735658
seg_32f72d,6.309021958397314
seg_941759,8.361439822181966
seg_29d497,7.421521449223758
seg_434c96,4.199173181276483
seg_e742dc,10.748231848780817
seg_ef660a,10.159785815128217
seg_b13220,4.577208092926692
seg_8826f4,4.097706824840747
seg_430e66,7.572560662186835
seg_bf58ce,8.328402135590627
seg_ce9f59,5.1140268213322315
seg_53d818,5.019500556564466
seg_58d52d,11.162180739126823
seg_84c7fb,6.814015381787737
seg_3a8a76,4.255080511150542
seg_425462,4.297211122859886
seg_3b4414,4.684990620037879
seg_41be7d,7.541018749377059
seg_d56d32,8.38601825887652
seg_419b2a,10.850726910539583
seg_211486,10.541295562380181
seg_850d95,4.327580651795455
seg_d4c763,7.0303557240373
seg_7012af,10.671021872754814
seg_3d9aa0,6.869504957914434
seg_97d9ed,9.579463979660352
seg_32e763,4.535615795642321
seg_f61b0e,7.07017609207092
seg_a489e1,6.865902221681282
seg_07f8df,4.5736626627040815
seg_616c8b,11.168128775017012
seg_71238c,10.80327913967519
seg_6a116b,7.2496322800850805
seg_4c12b2,4.072226249778153
seg_5bfbf0,5.3335539908666485
seg_4fce5b,5.012119940264314
seg_feb312,7.911221233616722
seg_cc4199,10.757670375777174
seg_5fe414,4.303557339061914
seg_fe70c0,8.016371668971678
seg_ab4bca,4.376611515334878
seg_d7a805,8.29495816444752
seg_447b8b,11.185773830009795
seg_e10d3b,10.374262066316168
seg_3319b5,8.970225440663972
seg_f96d0e,4.126090830346834
seg_d9a2bb,5.80770807337512
seg_7ce9cb,6.7628733945865065
seg_9f6315,5.680838721885796
seg_8a3306,5.323202868187367
seg_ec73d5,4.594689496993612
seg_ef644a,7.749428932488713
seg_e9a09f,4.403667376410258
seg_3ae4d9,4.64153872292147
seg_2a0ace,11.3611119872281
seg_cedf3e,9.530064857382788
seg_b72413,9.377723444450469
seg_280863,4.336901774744509
seg_99f677,6.613081024058244
seg_f5a6ab,8.56999966238829
seg_a93a88,8.917460249329045
seg_b8141c,4.601241197376795
seg_2f4f14,5.003010265545699
seg_8fd465,4.569507891351486
seg_0c9aa8,11.264434167401907
seg_185ad6,9.395107590368205
seg_c183e4,4.752594427705547
seg_aa1adf,4.6718675311542315
seg_2eccb9,3.8922119945616096
seg_f165f6,3.8774478978142963
seg_758374,4.105381774839981
seg_f8db0a,4.398566567517982
seg_5090fa,8.234059054086037
seg_919c5c,4.573336932029138
seg_2f9336,7.6850465297312205
seg_d661ce,4.794878105227181
seg_22e509,4.8686420444980625
seg_cacd0a,6.729499256899132
seg_932828,10.121334611202721
seg_6f650f,10.511255864684399
seg_53bdf5,9.108292993926547
seg_c9201c,4.4121417259484454
seg_6e12ae,6.73018079068335
seg_70e891,5.032842302581471
seg_df352f,4.165765073447168
seg_5467c8,9.176483664458031
seg_72b68c,11.117315114936936
seg_27b7c8,8.23490391529244
seg_e8a4f4,6.186194563555432
seg_bf2d1f,10.212761899131912
seg_944c98,5.144300531514826
seg_ebe36c,6.771310180197379
seg_54490e,9.988768730620363
seg_c186dc,5.179081265690051
seg_0879a8,8.206278605915298
seg_9d6ff0,4.458071301908258
seg_006e4a,4.12435847931689
seg_2e71dd,3.802776500741466
seg_b63de1,3.8414041984611167
seg_70edf5,8.16019573833758
seg_7120ac,7.542395731979934
seg_f618a8,9.330155468958827
seg_414d0f,6.036568325162598
seg_0e3ed2,4.1102010122223485
seg_45838b,7.34112568717871
seg_655780,3.8027397655038144
seg_00030f,6.2157251746065585
seg_41aadc,7.821001177660442
seg_be811d,4.839705890532851
seg_0e7cc5,7.999901894641353
seg_f43ab6,3.719063947950334
seg_161f5f,4.613761102734375
seg_9cb464,5.986475462710133
seg_35b753,6.4554620324499
seg_c35940,4.33832695377087
seg_141f34,11.188838346046957
seg_6ab188,7.041196231569333
seg_6b0107,7.200025577959259
seg_b4c040,5.029593169950995
seg_bd40f2,11.491149308587692
seg_3452b2,4.559687100435283
seg_05b66a,10.576382412292515
seg_0a97c4,6.182629985108956
seg_f383fb,5.138002017030028
seg_5597ed,5.225273965170722
seg_f52cdc,10.702441593902796
seg_195eda,6.499503025991193
seg_4b953a,3.636135545608756
seg_c5c455,3.549054883586713
seg_0eb333,4.3501130498879865
seg_5f24d3,8.960628587104924
seg_903aba,10.732802151925734
seg_47fed6,8.04420005598711
seg_d7f015,6.253185548263478
seg_f93ce5,4.079907553605298
seg_4848e3,5.535992058355677
seg_e72f10,8.559311568345988
seg_5c57a8,4.093569313238485
seg_f0ce4a,4.639185558435329
seg_65ef95,5.2931438243331135
seg_48a80c,5.124592008354288
seg_b782c7,8.78131746032926
seg_dc23c0,10.852041971433236
seg_e66697,7.5498237205309415
seg_304df5,9.77093227590784
seg_68da94,5.6232699469140615
seg_adf94a,4.005848429126639
seg_272a47,3.0170471407391766
seg_29c906,6.181311860434563
seg_72f40a,8.634991347686178
seg_fad815,6.094250104164435
seg_7d718e,10.568066399593517
seg_696621,5.913960798438403
seg_b402ac,7.2396104485830675
seg_ceb942,4.112593212991846
seg_03d680,9.937222075934473
seg_fbd66b,4.783283819370397
seg_2367fb,8.794287627592723
seg_570a20,5.614337165049655
seg_95644e,7.84393371791409
seg_47a48f,10.756931056824834
seg_e051bc,5.74438034772655
seg_5009d9,4.236329870535596
seg_0d13a7,5.7139318457154475
seg_3d1cb3,6.840927917403789
seg_c5325c,11.189847943015423
seg_151d92,4.795364482343831
seg_00e5f7,6.905128688376679
seg_868c85,7.481905164287841
seg_eaa0ec,6.938417703114186
seg_750e7e,8.890145917923519
seg_f30b2f,8.733210759044267
seg_121446,9.066312904825496
seg_87a67a,6.375954024255749
seg_e4f203,5.937544734550971
seg_786ff6,7.53425300183935
seg_00184e,7.562015738192297
seg_0e1370,4.3012143228471285
seg_ea096b,11.45225240277495
seg_a173d8,5.90911657712017
seg_2b372b,5.052008703847736
seg_a03e6a,4.503255159506316
seg_56e6f1,4.969815057845797
seg_edda79,7.493130647024416
seg_aa7a4b,7.896845480498889
seg_68102c,10.327076373903827
seg_79e301,4.311949729791588
seg_c27591,4.845166354871066
seg_225320,11.283257826531951
seg_8aeb99,10.465969026217659
seg_aee7c0,9.026365361049294
seg_3bc9ed,6.9081213541419695
seg_d14524,7.23769154372773
seg_8ce632,4.828777947950736
seg_988e69,3.84411958853622
seg_929ded,6.698951779613889
seg_496d07,4.626261653752486
seg_b7a8a1,7.076559952251368
seg_e15cb9,8.580962459892325
seg_46dd7c,4.887823724977601
seg_ba98dc,4.753422057320027
seg_72858d,4.884008578794069
seg_55a9a4,8.287843303967174
seg_fbff25,4.532169814287512
seg_c267a5,5.365918865256255
seg_ca44a8,4.392833011057056
seg_41be18,8.826205760581239
seg_7a9228,3.8545666904105644
seg_cc2c46,6.726056123436039
seg_629822,4.980028337313066
seg_899bf0,5.988507706912562
seg_60b696,6.541646465044045
seg_3d06cc,6.296935760253919
seg_d32f71,6.301023255170964
seg_7cef95,8.38230934909083
seg_bd5022,3.538097894527722
seg_7f9b3a,7.604623457639615
seg_ec4645,6.381476785977076
seg_9940e8,11.721653159188726
seg_14c435,4.234658297391824
seg_ea4d3a,8.699943757259328
seg_2e50fb,4.624860188977159
seg_392019,7.2639379525791625
seg_293dc2,4.171742140377742
seg_9a43ef,10.052439637266039
seg_0fc67a,10.887735146805454
seg_c627fc,7.97730945471429
seg_a41c2c,7.679692316672685
seg_496dad,4.295628617230171
seg_eb2e11,7.184770374495538
seg_ca88e3,10.669896663868295
seg_f86c41,5.204552474692605
seg_15c9f9,3.990599482259752
seg_0e4833,10.916581851037982
seg_d7f53a,6.015596693022396
seg_395e0e,11.14843833522726
seg_e6bd3f,5.421664195085387
seg_210388,6.251395876890083
seg_b58542,5.743654298765255
seg_9d1b26,5.548040392063168
seg_818382,7.347467162361942
seg_f30f0c,8.925643500941277
seg_a009e6,7.7837547175832595
seg_36b77f,10.986641718041122
seg_dca2c2,9.953802154055795
seg_0d833c,8.05357607982462
seg_83cb2c,4.633587963882333
seg_c5f986,4.961808215674629
seg_9872f9,6.692670507031977
seg_b52710,4.30736428377588
seg_8310ea,8.468713442401535
seg_eb7f91,7.96822490520337
seg_95b321,4.616727759446778
seg_92bd37,7.146253733757139
seg_324537,5.54539593906506
seg_7a9f2b,3.344775040196245
seg_24e071,4.173960223615182
seg_310230,6.5888143325268915
seg_9c3d6a,10.700812018300732
seg_98c0b6,5.063660288824974
seg_a87e79,4.208497608307768
seg_c047b7,5.6878563087304235
seg_c41d1d,5.308437771572687
seg_a58a6e,4.158471347468645
seg_1e617a,4.149593077311693
seg_98c44d,4.757734859733797
seg_ec0e7b,7.7485573649264525
seg_826208,6.122546671374331
seg_e48c23,8.130416928170694
seg_fc407c,5.9452563759040595
seg_b5804a,4.804495073085553
seg_51f0a2,4.579743056831073
seg_4fd191,4.100043991338562
seg_5887a8,11.097827632520525
seg_d0c8e2,4.424656804578618
seg_aba501,4.730426445911418
seg_3d1f2e,7.531303304848595
seg_2e917f,5.722194942670367
seg_f11f77,6.649742024982568
seg_4ae37c,8.91653157550642
seg_f7de40,10.656500585721739
seg_80b9b4,7.166798461745592
seg_5559d9,3.6285045537617138
seg_74ffde,6.029461920197746
seg_7bb771,4.44897178830779
seg_5e7abf,5.240865008172584
seg_295b1c,10.778958011491587
seg_d1eee8,10.52332557180167
seg_5407b0,4.295731908417554
seg_0f8961,10.02416204626774
seg_7b2994,4.1139601793982035
seg_0536c9,4.182718066303343
seg_2dfb91,4.167447724221357
seg_c666dd,6.62348299702812
seg_cea185,5.501811008958151
seg_e86f77,4.458857981766695
seg_bbbc30,4.286398971625665
seg_0b54ac,4.449152772508319
seg_a8bb2f,7.015341903958544
seg_32f3a9,6.3133434089132345
seg_04b87a,8.763487953262896
seg_83dc2e,11.755327213440845
seg_c01f63,8.678136897999737
seg_af703b,9.932563612952483
seg_68a484,10.19742404013028
seg_a55540,11.546652673020773
seg_dc73b8,4.611749915747274
seg_342ce6,10.881605845163984
seg_7fd3a3,4.94865098000075
seg_9e25e9,4.7965960943441095
seg_9a9041,6.9574679454408574
seg_78addc,9.04090917707343
seg_dc1cf0,10.842853281640188
seg_5f7fd9,6.928143054792336
seg_63582a,9.516280426630182
seg_c7a3bc,4.0066837547234355
seg_0be6ee,5.051123401753277
seg_f003ca,8.332014216355336
seg_6fc8b3,7.559804523735134
seg_e7ced6,9.639366404535943
seg_0c3943,5.559742864164403
seg_2396a2,4.200751107316833
seg_f9eea3,6.126946909540172
seg_079e34,4.624782398107087
seg_77bf79,4.786431532922801
seg_3a80c5,7.152771519809735
seg_3d6e79,7.731642100386495
seg_84a65d,10.3239543621504
seg_913ffc,6.821376705576114
seg_ced992,3.6485306275530305
seg_3bfcf6,6.629617937130425
seg_643f86,10.531912295705732
seg_2f8f6d,10.81052643879398
seg_00be11,4.318796238241159
seg_4ae712,10.832580815517938
seg_98ebaa,11.529385366303485
seg_d39131,10.283877056986105
seg_a5f4dd,7.057875678215338
seg_6c34c2,4.365409171120457
seg_bb180c,5.949394005901193
seg_326eb7,5.16104297069587
seg_2c762c,6.309476875613562
seg_03f380,5.031853241099163
seg_fd6340,5.885781562383222
seg_cf3825,4.6729966886401435
seg_eba22d,10.377964504200841
seg_462c1d,7.659601977611928
seg_25cca7,10.747207819418234
seg_5eb380,4.26328339544341
seg_890181,7.617143939899045
seg_d9ce67,3.9731818340183858
seg_695380,4.182476628031914
seg_266d4e,6.9472456968426615
seg_6167f0,6.204484102963311
seg_0d0250,4.868627355775916
seg_1d11e5,4.6255160117368925
seg_f6abc5,11.03615807565419
seg_a1a511,3.913098520501013
seg_f7050a,4.398449640059532
seg_1bf7b3,4.22914069034487
seg_907c52,6.707355189051326
seg_2700bd,5.394307379898833
seg_63d651,4.850501159738625
seg_31d810,8.567942896326008
seg_bf1294,4.352256389163641
seg_5759c9,7.953384942108336
seg_0b48c4,4.492313210182169
seg_94c48c,8.488833296733283
seg_98a819,6.615061030826453
seg_e25aca,5.289239004152317
seg_34abd2,4.494927791859783
seg_2ece02,6.588057079704434
seg_b687fc,4.876815077688268
seg_43383f,6.474645331120759
seg_c3f672,9.945972863496637
seg_10c09d,10.730012857469495
seg_cd352f,11.02994941527615
seg_330579,5.371166827507281
seg_b3d886,4.7895552120703195
seg_1db443,7.487167618182268
seg_947700,5.925802239809671
seg_2a4551,7.6522821999678285
seg_970e86,10.437396089327251
seg_2bcbde,10.99457830166571
seg_0dc38f,3.518030791301952
seg_650de2,5.237383833302586
seg_8d5113,7.824649660102117
seg_456149,10.473681527556517
seg_4d0008,6.195274577836055
seg_2642d0,5.403969691674686
seg_f5e682,4.2800416513027235
seg_d9190c,6.428052122514102
seg_65c4e1,7.761546092526644
seg_9dcae1,7.3812058405044025
seg_ea9fa4,10.099172152530853
seg_037461,4.931449372880437
seg_afd665,6.615295792354979
seg_9c2843,4.070246186819542
seg_d7967e,10.704806396686514
seg_ab644e,7.181045871525574
seg_d398df,6.679813867420296
seg_377134,5.65543575315013
seg_77db7b,11.352427286538614
seg_2883ec,10.01381879192111
seg_cfed24,4.422498417554594
seg_63c9a3,6.3242873139237625
seg_fa4df0,5.633016230506638
seg_902074,8.512108624792141
seg_3761d0,4.192815468002582
seg_c26fb4,3.9529346933870007
seg_dbbb44,6.883316371534332
seg_e71dda,7.1936930872451805
seg_e3ca24,8.949001957714113
seg_ca407b,6.771190913420651
seg_b52add,9.787763322810836
seg_77c546,4.296817224960594
seg_c60dca,4.977691933569016
seg_655cae,4.567178109328687
seg_4a719c,5.96719178709359
seg_eebbc2,6.886739487344907
seg_0cb81b,4.569425215899898
seg_651808,4.567858119363152
seg_fcb7d0,10.701766305983746
seg_5ad847,5.2538295614500985
seg_86e874,4.334805474530375
seg_74b3bd,7.667510103809825
seg_ae9761,11.123974251945759
seg_c9e533,9.440553312641098
seg_238242,9.043527041028414
seg_b64c9c,9.625803093900624
seg_27a282,5.670052238415824
seg_d07ce8,11.190713854877428
seg_746d1d,6.019473054973296
seg_ac5c61,10.705650942193278
seg_f6e89f,8.555088392602016
seg_1e61d6,4.31303282925061
seg_b9361a,5.5784592690371495
seg_441c6d,10.206958225141479
seg_455b16,5.31877802527216
seg_56ebc7,4.343254558788096
seg_09f0ff,5.515454850314325
seg_81f798,4.395667429364043
seg_e29670,5.056328131436421
seg_d328bb,4.4030769952553905
seg_b0cf32,11.349634208427252
seg_df0df7,9.396617792595283
seg_16566c,6.066576853143727
seg_311b5e,4.518638649896917
seg_c8459f,10.334985526518885
seg_4ea81c,4.3344349542033775
seg_cee7d0,10.511290943312762
